species_id,species_name_cn,asset_role,UPLOAD_STATUS,DRAFT_VERSION,VISUAL_QA,CONTENT_QA,ACTIVE_VERSION_ID,ACTIVE_VERSION_STATUS,ACTIVE_VERSION_SOURCE,DB_BINDING,API_CARD_ID,GCS_OBJECT_NAME,SOURCE_SHA256,DERIVED_SHA256,GCS_GENERATION,GCS_SHA_OK,GCS_GENERATION_OK,PUBLIC_API_URL,PUBLIC_API_VERSION_ID,PUBLIC_API_STATUS,PUBLIC_API_OK,IMAGE_HTTP_OK,IMAGE_HTTP_STATUS,IMAGE_SHA256,API_SPECIES_ROLE_MATCH,API_ROLE_ROW_COUNT,MULTIPLE_ACTIVE_DB,ORPHAN_VERSION_DB,HISTORICAL_BLACK_GOLD_STATUS,ANDROID_STATUS,BLOCKER,EVIDENCE,RELEASE_STATE
bighead_carp,鳙鱼,COVER_HERO,UNKNOWN_PRODUCTION_DB_UNAVAILABLE,UNKNOWN_PRODUCTION_DB_UNAVAILABLE,UNKNOWN_PRODUCTION_DB_UNAVAILABLE,UNKNOWN_PRODUCTION_DB_UNAVAILABLE,UNKNOWN_PRODUCTION_DB_UNAVAILABLE,UNKNOWN_NOT_EXPOSED,UNKNOWN_PRODUCTION_DB_UNAVAILABLE,UNKNOWN_PRODUCTION_DB_UNAVAILABLE,,UNKNOWN_PRODUCTION_GCS_UNAVAILABLE,UNKNOWN_PRODUCTION_GCS_UNAVAILABLE,UNKNOWN_PRODUCTION_GCS_UNAVAILABLE,UNKNOWN_PRODUCTION_GCS_UNAVAILABLE,UNKNOWN_PRODUCTION_GCS_UNAVAILABLE,UNKNOWN_PRODUCTION_GCS_UNAVAILABLE,,,UNKNOWN_NOT_EXPOSED,BLOCKED_LIST_DETAIL_VERSION_FIELDS_MISSING,NO_PUBLIC_URL_FIELD,,,API_FIELDS_ABSENT,0,UNKNOWN_PRODUCTION_DB_UNAVAILABLE,UNKNOWN_PRODUCTION_DB_UNAVAILABLE,UNKNOWN_PRODUCTION_DB_UNAVAILABLE,CLIENT_PENDING,Database/GCS unavailable; public list and detail expose no COVER_HERO URL/version/status.,"{""captured_at_asia_shanghai"":""2026-10-09T15:23:09.623153+08:00"",""list_http_status"":200,""detail_http_status"":200,""detail_surface"":""detail.cover_hero_*"",""api_role_row_count"":0,""api_species_role_match"":""API_FIELDS_ABSENT"",""api_card_id"":"""",""api_card_status"":null,""api_card_asset_version_id"":null,""knowledge_asset_version_id"":null,""knowledge_asset_status"":null,""knowledge_asset_image_url"":null,""public_image_url"":null,""image_http_status"":null,""image_content_type"":null,""image_size_bytes"":null,""image_sha256"":null,""evidence_files"":[""production_public_api_snapshot.json"",""production_media_http_snapshot.json""]}",BLOCKED
bighead_carp,鳙鱼,HERO,UNKNOWN_PRODUCTION_DB_UNAVAILABLE,UNKNOWN_PRODUCTION_DB_UNAVAILABLE,UNKNOWN_PRODUCTION_DB_UNAVAILABLE,UNKNOWN_PRODUCTION_DB_UNAVAILABLE,UNKNOWN_PRODUCTION_DB_UNAVAILABLE,ACTIVE,UNKNOWN_PRODUCTION_DB_UNAVAILABLE,UNKNOWN_PRODUCTION_DB_UNAVAILABLE,71,UNKNOWN_PRODUCTION_GCS_UNAVAILABLE,UNKNOWN_PRODUCTION_GCS_UNAVAILABLE,UNKNOWN_PRODUCTION_GCS_UNAVAILABLE,UNKNOWN_PRODUCTION_GCS_UNAVAILABLE,UNKNOWN_PRODUCTION_GCS_UNAVAILABLE,UNKNOWN_PRODUCTION_GCS_UNAVAILABLE,/api/v1/fish/knowledge-media/bighead_carp/hero/v1.webp,,ACTIVE,BLOCKED_CARDS_VERSION_ID_MISSING,FAIL_HTTP_404,404,,YES,1,UNKNOWN_PRODUCTION_DB_UNAVAILABLE,UNKNOWN_PRODUCTION_DB_UNAVAILABLE,UNKNOWN_PRODUCTION_DB_UNAVAILABLE,CLIENT_PENDING,Database/GCS unavailable; cards[] does not expose asset_version_id; exact FishCard-to-version binding is unprovable. The returned public image URL responded HTTP 404; this does not prove the GCS object is absent.,"{""captured_at_asia_shanghai"":""2026-10-09T15:23:09.623153+08:00"",""list_http_status"":200,""detail_http_status"":200,""detail_surface"":""cards[]"",""api_role_row_count"":1,""api_species_role_match"":""YES"",""api_card_id"":71,""api_card_status"":""ACTIVE"",""api_card_asset_version_id"":null,""knowledge_asset_version_id"":null,""knowledge_asset_status"":null,""knowledge_asset_image_url"":null,""public_image_url"":""/api/v1/fish/knowledge-media/bighead_carp/hero/v1.webp"",""image_http_status"":404,""image_content_type"":null,""image_size_bytes"":null,""image_sha256"":null,""evidence_files"":[""production_public_api_snapshot.json"",""production_media_http_snapshot.json""]}",BLOCKED
bighead_carp,鳙鱼,IDENTIFICATION,UNKNOWN_PRODUCTION_DB_UNAVAILABLE,UNKNOWN_PRODUCTION_DB_UNAVAILABLE,UNKNOWN_PRODUCTION_DB_UNAVAILABLE,UNKNOWN_PRODUCTION_DB_UNAVAILABLE,UNKNOWN_PRODUCTION_DB_UNAVAILABLE,ACTIVE,UNKNOWN_PRODUCTION_DB_UNAVAILABLE,UNKNOWN_PRODUCTION_DB_UNAVAILABLE,72,UNKNOWN_PRODUCTION_GCS_UNAVAILABLE,UNKNOWN_PRODUCTION_GCS_UNAVAILABLE,UNKNOWN_PRODUCTION_GCS_UNAVAILABLE,UNKNOWN_PRODUCTION_GCS_UNAVAILABLE,UNKNOWN_PRODUCTION_GCS_UNAVAILABLE,UNKNOWN_PRODUCTION_GCS_UNAVAILABLE,/api/v1/fish/knowledge-media/bighead_carp/identification/v1.webp,,ACTIVE,BLOCKED_CARDS_VERSION_ID_MISSING,FAIL_HTTP_404,404,,YES,1,UNKNOWN_PRODUCTION_DB_UNAVAILABLE,UNKNOWN_PRODUCTION_DB_UNAVAILABLE,UNKNOWN_PRODUCTION_DB_UNAVAILABLE,CLIENT_PENDING,Database/GCS unavailable; cards[] does not expose asset_version_id; exact FishCard-to-version binding is unprovable. The returned public image URL responded HTTP 404; this does not prove the GCS object is absent.,"{""captured_at_asia_shanghai"":""2026-10-09T15:23:09.623153+08:00"",""list_http_status"":200,""detail_http_status"":200,""detail_surface"":""cards[]"",""api_role_row_count"":1,""api_species_role_match"":""YES"",""api_card_id"":72,""api_card_status"":""ACTIVE"",""api_card_asset_version_id"":null,""knowledge_asset_version_id"":null,""knowledge_asset_status"":null,""knowledge_asset_image_url"":null,""public_image_url"":""/api/v1/fish/knowledge-media/bighead_carp/identification/v1.webp"",""image_http_status"":404,""image_content_type"":null,""image_size_bytes"":null,""image_sha256"":null,""evidence_files"":[""production_public_api_snapshot.json"",""production_media_http_snapshot.json""]}",BLOCKED
bighead_carp,鳙鱼,ECO,UNKNOWN_PRODUCTION_DB_UNAVAILABLE,UNKNOWN_PRODUCTION_DB_UNAVAILABLE,UNKNOWN_PRODUCTION_DB_UNAVAILABLE,UNKNOWN_PRODUCTION_DB_UNAVAILABLE,UNKNOWN_PRODUCTION_DB_UNAVAILABLE,ACTIVE,UNKNOWN_PRODUCTION_DB_UNAVAILABLE,UNKNOWN_PRODUCTION_DB_UNAVAILABLE,73,UNKNOWN_PRODUCTION_GCS_UNAVAILABLE,UNKNOWN_PRODUCTION_GCS_UNAVAILABLE,UNKNOWN_PRODUCTION_GCS_UNAVAILABLE,UNKNOWN_PRODUCTION_GCS_UNAVAILABLE,UNKNOWN_PRODUCTION_GCS_UNAVAILABLE,UNKNOWN_PRODUCTION_GCS_UNAVAILABLE,/api/v1/fish/knowledge-media/bighead_carp/eco/v1.webp,,ACTIVE,BLOCKED_CARDS_VERSION_ID_MISSING,FAIL_HTTP_404,404,,YES,1,UNKNOWN_PRODUCTION_DB_UNAVAILABLE,UNKNOWN_PRODUCTION_DB_UNAVAILABLE,UNKNOWN_PRODUCTION_DB_UNAVAILABLE,CLIENT_PENDING,Database/GCS unavailable; cards[] does not expose asset_version_id; exact FishCard-to-version binding is unprovable. The returned public image URL responded HTTP 404; this does not prove the GCS object is absent.,"{""captured_at_asia_shanghai"":""2026-10-09T15:23:09.623153+08:00"",""list_http_status"":200,""detail_http_status"":200,""detail_surface"":""cards[]"",""api_role_row_count"":1,""api_species_role_match"":""YES"",""api_card_id"":73,""api_card_status"":""ACTIVE"",""api_card_asset_version_id"":null,""knowledge_asset_version_id"":null,""knowledge_asset_status"":null,""knowledge_asset_image_url"":null,""public_image_url"":""/api/v1/fish/knowledge-media/bighead_carp/eco/v1.webp"",""image_http_status"":404,""image_content_type"":null,""image_size_bytes"":null,""image_sha256"":null,""evidence_files"":[""production_public_api_snapshot.json"",""production_media_http_snapshot.json""]}",BLOCKED
bighead_carp,鳙鱼,GEAR,UNKNOWN_PRODUCTION_DB_UNAVAILABLE,UNKNOWN_PRODUCTION_DB_UNAVAILABLE,UNKNOWN_PRODUCTION_DB_UNAVAILABLE,UNKNOWN_PRODUCTION_DB_UNAVAILABLE,UNKNOWN_PRODUCTION_DB_UNAVAILABLE,ACTIVE,UNKNOWN_PRODUCTION_DB_UNAVAILABLE,UNKNOWN_PRODUCTION_DB_UNAVAILABLE,74,UNKNOWN_PRODUCTION_GCS_UNAVAILABLE,UNKNOWN_PRODUCTION_GCS_UNAVAILABLE,UNKNOWN_PRODUCTION_GCS_UNAVAILABLE,UNKNOWN_PRODUCTION_GCS_UNAVAILABLE,UNKNOWN_PRODUCTION_GCS_UNAVAILABLE,UNKNOWN_PRODUCTION_GCS_UNAVAILABLE,/api/v1/fish/knowledge-media/bighead_carp/gear/v1.webp,,ACTIVE,BLOCKED_CARDS_VERSION_ID_MISSING,FAIL_HTTP_404,404,,YES,1,UNKNOWN_PRODUCTION_DB_UNAVAILABLE,UNKNOWN_PRODUCTION_DB_UNAVAILABLE,UNKNOWN_PRODUCTION_DB_UNAVAILABLE,CLIENT_PENDING,Database/GCS unavailable; cards[] does not expose asset_version_id; exact FishCard-to-version binding is unprovable. The returned public image URL responded HTTP 404; this does not prove the GCS object is absent.,"{""captured_at_asia_shanghai"":""2026-10-09T15:23:09.623153+08:00"",""list_http_status"":200,""detail_http_status"":200,""detail_surface"":""cards[]"",""api_role_row_count"":1,""api_species_role_match"":""YES"",""api_card_id"":74,""api_card_status"":""ACTIVE"",""api_card_asset_version_id"":null,""knowledge_asset_version_id"":null,""knowledge_asset_status"":null,""knowledge_asset_image_url"":null,""public_image_url"":""/api/v1/fish/knowledge-media/bighead_carp/gear/v1.webp"",""image_http_status"":404,""image_content_type"":null,""image_size_bytes"":null,""image_sha256"":null,""evidence_files"":[""production_public_api_snapshot.json"",""production_media_http_snapshot.json""]}",BLOCKED
bighead_carp,鳙鱼,SKILL,UNKNOWN_PRODUCTION_DB_UNAVAILABLE,UNKNOWN_PRODUCTION_DB_UNAVAILABLE,UNKNOWN_PRODUCTION_DB_UNAVAILABLE,UNKNOWN_PRODUCTION_DB_UNAVAILABLE,UNKNOWN_PRODUCTION_DB_UNAVAILABLE,ACTIVE,UNKNOWN_PRODUCTION_DB_UNAVAILABLE,UNKNOWN_PRODUCTION_DB_UNAVAILABLE,75,UNKNOWN_PRODUCTION_GCS_UNAVAILABLE,UNKNOWN_PRODUCTION_GCS_UNAVAILABLE,UNKNOWN_PRODUCTION_GCS_UNAVAILABLE,UNKNOWN_PRODUCTION_GCS_UNAVAILABLE,UNKNOWN_PRODUCTION_GCS_UNAVAILABLE,UNKNOWN_PRODUCTION_GCS_UNAVAILABLE,/api/v1/fish/knowledge-media/bighead_carp/skill/v1.webp,,ACTIVE,BLOCKED_CARDS_VERSION_ID_MISSING,FAIL_HTTP_404,404,,YES,1,UNKNOWN_PRODUCTION_DB_UNAVAILABLE,UNKNOWN_PRODUCTION_DB_UNAVAILABLE,UNKNOWN_PRODUCTION_DB_UNAVAILABLE,CLIENT_PENDING,Database/GCS unavailable; cards[] does not expose asset_version_id; exact FishCard-to-version binding is unprovable. The returned public image URL responded HTTP 404; this does not prove the GCS object is absent.,"{""captured_at_asia_shanghai"":""2026-10-09T15:23:09.623153+08:00"",""list_http_status"":200,""detail_http_status"":200,""detail_surface"":""cards[]"",""api_role_row_count"":1,""api_species_role_match"":""YES"",""api_card_id"":75,""api_card_status"":""ACTIVE"",""api_card_asset_version_id"":null,""knowledge_asset_version_id"":null,""knowledge_asset_status"":null,""knowledge_asset_image_url"":null,""public_image_url"":""/api/v1/fish/knowledge-media/bighead_carp/skill/v1.webp"",""image_http_status"":404,""image_content_type"":null,""image_size_bytes"":null,""image_sha256"":null,""evidence_files"":[""production_public_api_snapshot.json"",""production_media_http_snapshot.json""]}",BLOCKED
black_carp,青鱼,COVER_HERO,UNKNOWN_PRODUCTION_DB_UNAVAILABLE,UNKNOWN_PRODUCTION_DB_UNAVAILABLE,UNKNOWN_PRODUCTION_DB_UNAVAILABLE,UNKNOWN_PRODUCTION_DB_UNAVAILABLE,UNKNOWN_PRODUCTION_DB_UNAVAILABLE,UNKNOWN_NOT_EXPOSED,UNKNOWN_PRODUCTION_DB_UNAVAILABLE,UNKNOWN_PRODUCTION_DB_UNAVAILABLE,,UNKNOWN_PRODUCTION_GCS_UNAVAILABLE,UNKNOWN_PRODUCTION_GCS_UNAVAILABLE,UNKNOWN_PRODUCTION_GCS_UNAVAILABLE,UNKNOWN_PRODUCTION_GCS_UNAVAILABLE,UNKNOWN_PRODUCTION_GCS_UNAVAILABLE,UNKNOWN_PRODUCTION_GCS_UNAVAILABLE,,,UNKNOWN_NOT_EXPOSED,BLOCKED_LIST_DETAIL_VERSION_FIELDS_MISSING,NO_PUBLIC_URL_FIELD,,,API_FIELDS_ABSENT,0,UNKNOWN_PRODUCTION_DB_UNAVAILABLE,UNKNOWN_PRODUCTION_DB_UNAVAILABLE,UNKNOWN_PRODUCTION_DB_UNAVAILABLE,CLIENT_PENDING,Database/GCS unavailable; public list and detail expose no COVER_HERO URL/version/status.,"{""captured_at_asia_shanghai"":""2026-10-09T15:23:09.623153+08:00"",""list_http_status"":200,""detail_http_status"":200,""detail_surface"":""detail.cover_hero_*"",""api_role_row_count"":0,""api_species_role_match"":""API_FIELDS_ABSENT"",""api_card_id"":"""",""api_card_status"":null,""api_card_asset_version_id"":null,""knowledge_asset_version_id"":null,""knowledge_asset_status"":null,""knowledge_asset_image_url"":null,""public_image_url"":null,""image_http_status"":null,""image_content_type"":null,""image_size_bytes"":null,""image_sha256"":null,""evidence_files"":[""production_public_api_snapshot.json"",""production_media_http_snapshot.json""]}",BLOCKED
black_carp,青鱼,HERO,UNKNOWN_PRODUCTION_DB_UNAVAILABLE,UNKNOWN_PRODUCTION_DB_UNAVAILABLE,UNKNOWN_PRODUCTION_DB_UNAVAILABLE,UNKNOWN_PRODUCTION_DB_UNAVAILABLE,UNKNOWN_PRODUCTION_DB_UNAVAILABLE,ACTIVE,UNKNOWN_PRODUCTION_DB_UNAVAILABLE,UNKNOWN_PRODUCTION_DB_UNAVAILABLE,36,UNKNOWN_PRODUCTION_GCS_UNAVAILABLE,UNKNOWN_PRODUCTION_GCS_UNAVAILABLE,UNKNOWN_PRODUCTION_GCS_UNAVAILABLE,UNKNOWN_PRODUCTION_GCS_UNAVAILABLE,UNKNOWN_PRODUCTION_GCS_UNAVAILABLE,UNKNOWN_PRODUCTION_GCS_UNAVAILABLE,/api/v1/fish/knowledge-media/black_carp/hero/v1.webp,,ACTIVE,BLOCKED_CARDS_VERSION_ID_MISSING,FAIL_HTTP_404,404,,YES,1,UNKNOWN_PRODUCTION_DB_UNAVAILABLE,UNKNOWN_PRODUCTION_DB_UNAVAILABLE,UNKNOWN_PRODUCTION_DB_UNAVAILABLE,CLIENT_PENDING,Database/GCS unavailable; cards[] does not expose asset_version_id; exact FishCard-to-version binding is unprovable. The returned public image URL responded HTTP 404; this does not prove the GCS object is absent.,"{""captured_at_asia_shanghai"":""2026-10-09T15:23:09.623153+08:00"",""list_http_status"":200,""detail_http_status"":200,""detail_surface"":""cards[]"",""api_role_row_count"":1,""api_species_role_match"":""YES"",""api_card_id"":36,""api_card_status"":""ACTIVE"",""api_card_asset_version_id"":null,""knowledge_asset_version_id"":null,""knowledge_asset_status"":null,""knowledge_asset_image_url"":null,""public_image_url"":""/api/v1/fish/knowledge-media/black_carp/hero/v1.webp"",""image_http_status"":404,""image_content_type"":null,""image_size_bytes"":null,""image_sha256"":null,""evidence_files"":[""production_public_api_snapshot.json"",""production_media_http_snapshot.json""]}",BLOCKED
black_carp,青鱼,IDENTIFICATION,UNKNOWN_PRODUCTION_DB_UNAVAILABLE,UNKNOWN_PRODUCTION_DB_UNAVAILABLE,UNKNOWN_PRODUCTION_DB_UNAVAILABLE,UNKNOWN_PRODUCTION_DB_UNAVAILABLE,UNKNOWN_PRODUCTION_DB_UNAVAILABLE,ACTIVE,UNKNOWN_PRODUCTION_DB_UNAVAILABLE,UNKNOWN_PRODUCTION_DB_UNAVAILABLE,37,UNKNOWN_PRODUCTION_GCS_UNAVAILABLE,UNKNOWN_PRODUCTION_GCS_UNAVAILABLE,UNKNOWN_PRODUCTION_GCS_UNAVAILABLE,UNKNOWN_PRODUCTION_GCS_UNAVAILABLE,UNKNOWN_PRODUCTION_GCS_UNAVAILABLE,UNKNOWN_PRODUCTION_GCS_UNAVAILABLE,/api/v1/fish/knowledge-media/black_carp/identification/v1.webp,,ACTIVE,BLOCKED_CARDS_VERSION_ID_MISSING,FAIL_HTTP_404,404,,YES,1,UNKNOWN_PRODUCTION_DB_UNAVAILABLE,UNKNOWN_PRODUCTION_DB_UNAVAILABLE,UNKNOWN_PRODUCTION_DB_UNAVAILABLE,CLIENT_PENDING,Database/GCS unavailable; cards[] does not expose asset_version_id; exact FishCard-to-version binding is unprovable. The returned public image URL responded HTTP 404; this does not prove the GCS object is absent.,"{""captured_at_asia_shanghai"":""2026-10-09T15:23:09.623153+08:00"",""list_http_status"":200,""detail_http_status"":200,""detail_surface"":""cards[]"",""api_role_row_count"":1,""api_species_role_match"":""YES"",""api_card_id"":37,""api_card_status"":""ACTIVE"",""api_card_asset_version_id"":null,""knowledge_asset_version_id"":null,""knowledge_asset_status"":null,""knowledge_asset_image_url"":null,""public_image_url"":""/api/v1/fish/knowledge-media/black_carp/identification/v1.webp"",""image_http_status"":404,""image_content_type"":null,""image_size_bytes"":null,""image_sha256"":null,""evidence_files"":[""production_public_api_snapshot.json"",""production_media_http_snapshot.json""]}",BLOCKED
black_carp,青鱼,ECO,UNKNOWN_PRODUCTION_DB_UNAVAILABLE,UNKNOWN_PRODUCTION_DB_UNAVAILABLE,UNKNOWN_PRODUCTION_DB_UNAVAILABLE,UNKNOWN_PRODUCTION_DB_UNAVAILABLE,UNKNOWN_PRODUCTION_DB_UNAVAILABLE,ACTIVE,UNKNOWN_PRODUCTION_DB_UNAVAILABLE,UNKNOWN_PRODUCTION_DB_UNAVAILABLE,38,UNKNOWN_PRODUCTION_GCS_UNAVAILABLE,UNKNOWN_PRODUCTION_GCS_UNAVAILABLE,UNKNOWN_PRODUCTION_GCS_UNAVAILABLE,UNKNOWN_PRODUCTION_GCS_UNAVAILABLE,UNKNOWN_PRODUCTION_GCS_UNAVAILABLE,UNKNOWN_PRODUCTION_GCS_UNAVAILABLE,/api/v1/fish/knowledge-media/black_carp/eco/v1.webp,,ACTIVE,BLOCKED_CARDS_VERSION_ID_MISSING,FAIL_HTTP_404,404,,YES,1,UNKNOWN_PRODUCTION_DB_UNAVAILABLE,UNKNOWN_PRODUCTION_DB_UNAVAILABLE,UNKNOWN_PRODUCTION_DB_UNAVAILABLE,CLIENT_PENDING,Database/GCS unavailable; cards[] does not expose asset_version_id; exact FishCard-to-version binding is unprovable. The returned public image URL responded HTTP 404; this does not prove the GCS object is absent.,"{""captured_at_asia_shanghai"":""2026-10-09T15:23:09.623153+08:00"",""list_http_status"":200,""detail_http_status"":200,""detail_surface"":""cards[]"",""api_role_row_count"":1,""api_species_role_match"":""YES"",""api_card_id"":38,""api_card_status"":""ACTIVE"",""api_card_asset_version_id"":null,""knowledge_asset_version_id"":null,""knowledge_asset_status"":null,""knowledge_asset_image_url"":null,""public_image_url"":""/api/v1/fish/knowledge-media/black_carp/eco/v1.webp"",""image_http_status"":404,""image_content_type"":null,""image_size_bytes"":null,""image_sha256"":null,""evidence_files"":[""production_public_api_snapshot.json"",""production_media_http_snapshot.json""]}",BLOCKED
black_carp,青鱼,GEAR,UNKNOWN_PRODUCTION_DB_UNAVAILABLE,UNKNOWN_PRODUCTION_DB_UNAVAILABLE,UNKNOWN_PRODUCTION_DB_UNAVAILABLE,UNKNOWN_PRODUCTION_DB_UNAVAILABLE,UNKNOWN_PRODUCTION_DB_UNAVAILABLE,ACTIVE,UNKNOWN_PRODUCTION_DB_UNAVAILABLE,UNKNOWN_PRODUCTION_DB_UNAVAILABLE,39,UNKNOWN_PRODUCTION_GCS_UNAVAILABLE,UNKNOWN_PRODUCTION_GCS_UNAVAILABLE,UNKNOWN_PRODUCTION_GCS_UNAVAILABLE,UNKNOWN_PRODUCTION_GCS_UNAVAILABLE,UNKNOWN_PRODUCTION_GCS_UNAVAILABLE,UNKNOWN_PRODUCTION_GCS_UNAVAILABLE,/api/v1/fish/knowledge-media/black_carp/gear/v1.webp,,ACTIVE,BLOCKED_CARDS_VERSION_ID_MISSING,FAIL_HTTP_404,404,,YES,1,UNKNOWN_PRODUCTION_DB_UNAVAILABLE,UNKNOWN_PRODUCTION_DB_UNAVAILABLE,UNKNOWN_PRODUCTION_DB_UNAVAILABLE,CLIENT_PENDING,Database/GCS unavailable; cards[] does not expose asset_version_id; exact FishCard-to-version binding is unprovable. The returned public image URL responded HTTP 404; this does not prove the GCS object is absent.,"{""captured_at_asia_shanghai"":""2026-10-09T15:23:09.623153+08:00"",""list_http_status"":200,""detail_http_status"":200,""detail_surface"":""cards[]"",""api_role_row_count"":1,""api_species_role_match"":""YES"",""api_card_id"":39,""api_card_status"":""ACTIVE"",""api_card_asset_version_id"":null,""knowledge_asset_version_id"":null,""knowledge_asset_status"":null,""knowledge_asset_image_url"":null,""public_image_url"":""/api/v1/fish/knowledge-media/black_carp/gear/v1.webp"",""image_http_status"":404,""image_content_type"":null,""image_size_bytes"":null,""image_sha256"":null,""evidence_files"":[""production_public_api_snapshot.json"",""production_media_http_snapshot.json""]}",BLOCKED
black_carp,青鱼,SKILL,UNKNOWN_PRODUCTION_DB_UNAVAILABLE,UNKNOWN_PRODUCTION_DB_UNAVAILABLE,UNKNOWN_PRODUCTION_DB_UNAVAILABLE,UNKNOWN_PRODUCTION_DB_UNAVAILABLE,UNKNOWN_PRODUCTION_DB_UNAVAILABLE,ACTIVE,UNKNOWN_PRODUCTION_DB_UNAVAILABLE,UNKNOWN_PRODUCTION_DB_UNAVAILABLE,40,UNKNOWN_PRODUCTION_GCS_UNAVAILABLE,UNKNOWN_PRODUCTION_GCS_UNAVAILABLE,UNKNOWN_PRODUCTION_GCS_UNAVAILABLE,UNKNOWN_PRODUCTION_GCS_UNAVAILABLE,UNKNOWN_PRODUCTION_GCS_UNAVAILABLE,UNKNOWN_PRODUCTION_GCS_UNAVAILABLE,/api/v1/fish/knowledge-media/black_carp/skill/v1.webp,,ACTIVE,BLOCKED_CARDS_VERSION_ID_MISSING,FAIL_HTTP_404,404,,YES,1,UNKNOWN_PRODUCTION_DB_UNAVAILABLE,UNKNOWN_PRODUCTION_DB_UNAVAILABLE,UNKNOWN_PRODUCTION_DB_UNAVAILABLE,CLIENT_PENDING,Database/GCS unavailable; cards[] does not expose asset_version_id; exact FishCard-to-version binding is unprovable. The returned public image URL responded HTTP 404; this does not prove the GCS object is absent.,"{""captured_at_asia_shanghai"":""2026-10-09T15:23:09.623153+08:00"",""list_http_status"":200,""detail_http_status"":200,""detail_surface"":""cards[]"",""api_role_row_count"":1,""api_species_role_match"":""YES"",""api_card_id"":40,""api_card_status"":""ACTIVE"",""api_card_asset_version_id"":null,""knowledge_asset_version_id"":null,""knowledge_asset_status"":null,""knowledge_asset_image_url"":null,""public_image_url"":""/api/v1/fish/knowledge-media/black_carp/skill/v1.webp"",""image_http_status"":404,""image_content_type"":null,""image_size_bytes"":null,""image_sha256"":null,""evidence_files"":[""production_public_api_snapshot.json"",""production_media_http_snapshot.json""]}",BLOCKED
blunt_snout_bream,鳊鱼,COVER_HERO,UNKNOWN_PRODUCTION_DB_UNAVAILABLE,UNKNOWN_PRODUCTION_DB_UNAVAILABLE,UNKNOWN_PRODUCTION_DB_UNAVAILABLE,UNKNOWN_PRODUCTION_DB_UNAVAILABLE,UNKNOWN_PRODUCTION_DB_UNAVAILABLE,UNKNOWN_NOT_EXPOSED,UNKNOWN_PRODUCTION_DB_UNAVAILABLE,UNKNOWN_PRODUCTION_DB_UNAVAILABLE,,UNKNOWN_PRODUCTION_GCS_UNAVAILABLE,UNKNOWN_PRODUCTION_GCS_UNAVAILABLE,UNKNOWN_PRODUCTION_GCS_UNAVAILABLE,UNKNOWN_PRODUCTION_GCS_UNAVAILABLE,UNKNOWN_PRODUCTION_GCS_UNAVAILABLE,UNKNOWN_PRODUCTION_GCS_UNAVAILABLE,,,UNKNOWN_NOT_EXPOSED,BLOCKED_LIST_DETAIL_VERSION_FIELDS_MISSING,NO_PUBLIC_URL_FIELD,,,API_FIELDS_ABSENT,0,UNKNOWN_PRODUCTION_DB_UNAVAILABLE,UNKNOWN_PRODUCTION_DB_UNAVAILABLE,UNKNOWN_PRODUCTION_DB_UNAVAILABLE,CLIENT_PENDING,Database/GCS unavailable; public list and detail expose no COVER_HERO URL/version/status.,"{""captured_at_asia_shanghai"":""2026-10-09T15:23:09.623153+08:00"",""list_http_status"":200,""detail_http_status"":200,""detail_surface"":""detail.cover_hero_*"",""api_role_row_count"":0,""api_species_role_match"":""API_FIELDS_ABSENT"",""api_card_id"":"""",""api_card_status"":null,""api_card_asset_version_id"":null,""knowledge_asset_version_id"":null,""knowledge_asset_status"":null,""knowledge_asset_image_url"":null,""public_image_url"":null,""image_http_status"":null,""image_content_type"":null,""image_size_bytes"":null,""image_sha256"":null,""evidence_files"":[""production_public_api_snapshot.json"",""production_media_http_snapshot.json""]}",BLOCKED
blunt_snout_bream,鳊鱼,HERO,UNKNOWN_PRODUCTION_DB_UNAVAILABLE,UNKNOWN_PRODUCTION_DB_UNAVAILABLE,UNKNOWN_PRODUCTION_DB_UNAVAILABLE,UNKNOWN_PRODUCTION_DB_UNAVAILABLE,UNKNOWN_PRODUCTION_DB_UNAVAILABLE,ACTIVE,UNKNOWN_PRODUCTION_DB_UNAVAILABLE,UNKNOWN_PRODUCTION_DB_UNAVAILABLE,81,UNKNOWN_PRODUCTION_GCS_UNAVAILABLE,UNKNOWN_PRODUCTION_GCS_UNAVAILABLE,UNKNOWN_PRODUCTION_GCS_UNAVAILABLE,UNKNOWN_PRODUCTION_GCS_UNAVAILABLE,UNKNOWN_PRODUCTION_GCS_UNAVAILABLE,UNKNOWN_PRODUCTION_GCS_UNAVAILABLE,/api/v1/fish/knowledge-media/blunt_snout_bream/hero/v1.webp,,ACTIVE,BLOCKED_CARDS_VERSION_ID_MISSING,FAIL_HTTP_404,404,,YES,1,UNKNOWN_PRODUCTION_DB_UNAVAILABLE,UNKNOWN_PRODUCTION_DB_UNAVAILABLE,UNKNOWN_PRODUCTION_DB_UNAVAILABLE,CLIENT_PENDING,Database/GCS unavailable; cards[] does not expose asset_version_id; exact FishCard-to-version binding is unprovable. The returned public image URL responded HTTP 404; this does not prove the GCS object is absent.,"{""captured_at_asia_shanghai"":""2026-10-09T15:23:09.623153+08:00"",""list_http_status"":200,""detail_http_status"":200,""detail_surface"":""cards[]"",""api_role_row_count"":1,""api_species_role_match"":""YES"",""api_card_id"":81,""api_card_status"":""ACTIVE"",""api_card_asset_version_id"":null,""knowledge_asset_version_id"":null,""knowledge_asset_status"":null,""knowledge_asset_image_url"":null,""public_image_url"":""/api/v1/fish/knowledge-media/blunt_snout_bream/hero/v1.webp"",""image_http_status"":404,""image_content_type"":null,""image_size_bytes"":null,""image_sha256"":null,""evidence_files"":[""production_public_api_snapshot.json"",""production_media_http_snapshot.json""]}",BLOCKED
blunt_snout_bream,鳊鱼,IDENTIFICATION,UNKNOWN_PRODUCTION_DB_UNAVAILABLE,UNKNOWN_PRODUCTION_DB_UNAVAILABLE,UNKNOWN_PRODUCTION_DB_UNAVAILABLE,UNKNOWN_PRODUCTION_DB_UNAVAILABLE,UNKNOWN_PRODUCTION_DB_UNAVAILABLE,ACTIVE,UNKNOWN_PRODUCTION_DB_UNAVAILABLE,UNKNOWN_PRODUCTION_DB_UNAVAILABLE,82,UNKNOWN_PRODUCTION_GCS_UNAVAILABLE,UNKNOWN_PRODUCTION_GCS_UNAVAILABLE,UNKNOWN_PRODUCTION_GCS_UNAVAILABLE,UNKNOWN_PRODUCTION_GCS_UNAVAILABLE,UNKNOWN_PRODUCTION_GCS_UNAVAILABLE,UNKNOWN_PRODUCTION_GCS_UNAVAILABLE,/api/v1/fish/knowledge-media/blunt_snout_bream/identification/v1.webp,,ACTIVE,BLOCKED_CARDS_VERSION_ID_MISSING,FAIL_HTTP_404,404,,YES,1,UNKNOWN_PRODUCTION_DB_UNAVAILABLE,UNKNOWN_PRODUCTION_DB_UNAVAILABLE,UNKNOWN_PRODUCTION_DB_UNAVAILABLE,CLIENT_PENDING,Database/GCS unavailable; cards[] does not expose asset_version_id; exact FishCard-to-version binding is unprovable. The returned public image URL responded HTTP 404; this does not prove the GCS object is absent.,"{""captured_at_asia_shanghai"":""2026-10-09T15:23:09.623153+08:00"",""list_http_status"":200,""detail_http_status"":200,""detail_surface"":""cards[]"",""api_role_row_count"":1,""api_species_role_match"":""YES"",""api_card_id"":82,""api_card_status"":""ACTIVE"",""api_card_asset_version_id"":null,""knowledge_asset_version_id"":null,""knowledge_asset_status"":null,""knowledge_asset_image_url"":null,""public_image_url"":""/api/v1/fish/knowledge-media/blunt_snout_bream/identification/v1.webp"",""image_http_status"":404,""image_content_type"":null,""image_size_bytes"":null,""image_sha256"":null,""evidence_files"":[""production_public_api_snapshot.json"",""production_media_http_snapshot.json""]}",BLOCKED
blunt_snout_bream,鳊鱼,ECO,UNKNOWN_PRODUCTION_DB_UNAVAILABLE,UNKNOWN_PRODUCTION_DB_UNAVAILABLE,UNKNOWN_PRODUCTION_DB_UNAVAILABLE,UNKNOWN_PRODUCTION_DB_UNAVAILABLE,UNKNOWN_PRODUCTION_DB_UNAVAILABLE,ACTIVE,UNKNOWN_PRODUCTION_DB_UNAVAILABLE,UNKNOWN_PRODUCTION_DB_UNAVAILABLE,83,UNKNOWN_PRODUCTION_GCS_UNAVAILABLE,UNKNOWN_PRODUCTION_GCS_UNAVAILABLE,UNKNOWN_PRODUCTION_GCS_UNAVAILABLE,UNKNOWN_PRODUCTION_GCS_UNAVAILABLE,UNKNOWN_PRODUCTION_GCS_UNAVAILABLE,UNKNOWN_PRODUCTION_GCS_UNAVAILABLE,/api/v1/fish/knowledge-media/blunt_snout_bream/eco/v1.webp,,ACTIVE,BLOCKED_CARDS_VERSION_ID_MISSING,FAIL_HTTP_404,404,,YES,1,UNKNOWN_PRODUCTION_DB_UNAVAILABLE,UNKNOWN_PRODUCTION_DB_UNAVAILABLE,UNKNOWN_PRODUCTION_DB_UNAVAILABLE,CLIENT_PENDING,Database/GCS unavailable; cards[] does not expose asset_version_id; exact FishCard-to-version binding is unprovable. The returned public image URL responded HTTP 404; this does not prove the GCS object is absent.,"{""captured_at_asia_shanghai"":""2026-10-09T15:23:09.623153+08:00"",""list_http_status"":200,""detail_http_status"":200,""detail_surface"":""cards[]"",""api_role_row_count"":1,""api_species_role_match"":""YES"",""api_card_id"":83,""api_card_status"":""ACTIVE"",""api_card_asset_version_id"":null,""knowledge_asset_version_id"":null,""knowledge_asset_status"":null,""knowledge_asset_image_url"":null,""public_image_url"":""/api/v1/fish/knowledge-media/blunt_snout_bream/eco/v1.webp"",""image_http_status"":404,""image_content_type"":null,""image_size_bytes"":null,""image_sha256"":null,""evidence_files"":[""production_public_api_snapshot.json"",""production_media_http_snapshot.json""]}",BLOCKED
blunt_snout_bream,鳊鱼,GEAR,UNKNOWN_PRODUCTION_DB_UNAVAILABLE,UNKNOWN_PRODUCTION_DB_UNAVAILABLE,UNKNOWN_PRODUCTION_DB_UNAVAILABLE,UNKNOWN_PRODUCTION_DB_UNAVAILABLE,UNKNOWN_PRODUCTION_DB_UNAVAILABLE,ACTIVE,UNKNOWN_PRODUCTION_DB_UNAVAILABLE,UNKNOWN_PRODUCTION_DB_UNAVAILABLE,84,UNKNOWN_PRODUCTION_GCS_UNAVAILABLE,UNKNOWN_PRODUCTION_GCS_UNAVAILABLE,UNKNOWN_PRODUCTION_GCS_UNAVAILABLE,UNKNOWN_PRODUCTION_GCS_UNAVAILABLE,UNKNOWN_PRODUCTION_GCS_UNAVAILABLE,UNKNOWN_PRODUCTION_GCS_UNAVAILABLE,/api/v1/fish/knowledge-media/blunt_snout_bream/gear/v1.webp,,ACTIVE,BLOCKED_CARDS_VERSION_ID_MISSING,FAIL_HTTP_404,404,,YES,1,UNKNOWN_PRODUCTION_DB_UNAVAILABLE,UNKNOWN_PRODUCTION_DB_UNAVAILABLE,UNKNOWN_PRODUCTION_DB_UNAVAILABLE,CLIENT_PENDING,Database/GCS unavailable; cards[] does not expose asset_version_id; exact FishCard-to-version binding is unprovable. The returned public image URL responded HTTP 404; this does not prove the GCS object is absent.,"{""captured_at_asia_shanghai"":""2026-10-09T15:23:09.623153+08:00"",""list_http_status"":200,""detail_http_status"":200,""detail_surface"":""cards[]"",""api_role_row_count"":1,""api_species_role_match"":""YES"",""api_card_id"":84,""api_card_status"":""ACTIVE"",""api_card_asset_version_id"":null,""knowledge_asset_version_id"":null,""knowledge_asset_status"":null,""knowledge_asset_image_url"":null,""public_image_url"":""/api/v1/fish/knowledge-media/blunt_snout_bream/gear/v1.webp"",""image_http_status"":404,""image_content_type"":null,""image_size_bytes"":null,""image_sha256"":null,""evidence_files"":[""production_public_api_snapshot.json"",""production_media_http_snapshot.json""]}",BLOCKED
blunt_snout_bream,鳊鱼,SKILL,UNKNOWN_PRODUCTION_DB_UNAVAILABLE,UNKNOWN_PRODUCTION_DB_UNAVAILABLE,UNKNOWN_PRODUCTION_DB_UNAVAILABLE,UNKNOWN_PRODUCTION_DB_UNAVAILABLE,UNKNOWN_PRODUCTION_DB_UNAVAILABLE,ACTIVE,UNKNOWN_PRODUCTION_DB_UNAVAILABLE,UNKNOWN_PRODUCTION_DB_UNAVAILABLE,85,UNKNOWN_PRODUCTION_GCS_UNAVAILABLE,UNKNOWN_PRODUCTION_GCS_UNAVAILABLE,UNKNOWN_PRODUCTION_GCS_UNAVAILABLE,UNKNOWN_PRODUCTION_GCS_UNAVAILABLE,UNKNOWN_PRODUCTION_GCS_UNAVAILABLE,UNKNOWN_PRODUCTION_GCS_UNAVAILABLE,/api/v1/fish/knowledge-media/blunt_snout_bream/skill/v1.webp,,ACTIVE,BLOCKED_CARDS_VERSION_ID_MISSING,FAIL_HTTP_404,404,,YES,1,UNKNOWN_PRODUCTION_DB_UNAVAILABLE,UNKNOWN_PRODUCTION_DB_UNAVAILABLE,UNKNOWN_PRODUCTION_DB_UNAVAILABLE,CLIENT_PENDING,Database/GCS unavailable; cards[] does not expose asset_version_id; exact FishCard-to-version binding is unprovable. The returned public image URL responded HTTP 404; this does not prove the GCS object is absent.,"{""captured_at_asia_shanghai"":""2026-10-09T15:23:09.623153+08:00"",""list_http_status"":200,""detail_http_status"":200,""detail_surface"":""cards[]"",""api_role_row_count"":1,""api_species_role_match"":""YES"",""api_card_id"":85,""api_card_status"":""ACTIVE"",""api_card_asset_version_id"":null,""knowledge_asset_version_id"":null,""knowledge_asset_status"":null,""knowledge_asset_image_url"":null,""public_image_url"":""/api/v1/fish/knowledge-media/blunt_snout_bream/skill/v1.webp"",""image_http_status"":404,""image_content_type"":null,""image_size_bytes"":null,""image_sha256"":null,""evidence_files"":[""production_public_api_snapshot.json"",""production_media_http_snapshot.json""]}",BLOCKED
chinese_catfish,鲶鱼,COVER_HERO,UNKNOWN_PRODUCTION_DB_UNAVAILABLE,UNKNOWN_PRODUCTION_DB_UNAVAILABLE,UNKNOWN_PRODUCTION_DB_UNAVAILABLE,UNKNOWN_PRODUCTION_DB_UNAVAILABLE,UNKNOWN_PRODUCTION_DB_UNAVAILABLE,UNKNOWN_NOT_EXPOSED,UNKNOWN_PRODUCTION_DB_UNAVAILABLE,UNKNOWN_PRODUCTION_DB_UNAVAILABLE,,UNKNOWN_PRODUCTION_GCS_UNAVAILABLE,UNKNOWN_PRODUCTION_GCS_UNAVAILABLE,UNKNOWN_PRODUCTION_GCS_UNAVAILABLE,UNKNOWN_PRODUCTION_GCS_UNAVAILABLE,UNKNOWN_PRODUCTION_GCS_UNAVAILABLE,UNKNOWN_PRODUCTION_GCS_UNAVAILABLE,,,UNKNOWN_NOT_EXPOSED,BLOCKED_LIST_DETAIL_VERSION_FIELDS_MISSING,NO_PUBLIC_URL_FIELD,,,API_FIELDS_ABSENT,0,UNKNOWN_PRODUCTION_DB_UNAVAILABLE,UNKNOWN_PRODUCTION_DB_UNAVAILABLE,UNKNOWN_PRODUCTION_DB_UNAVAILABLE,CLIENT_PENDING,Database/GCS unavailable; public list and detail expose no COVER_HERO URL/version/status.,"{""captured_at_asia_shanghai"":""2026-10-09T15:23:09.623153+08:00"",""list_http_status"":200,""detail_http_status"":200,""detail_surface"":""detail.cover_hero_*"",""api_role_row_count"":0,""api_species_role_match"":""API_FIELDS_ABSENT"",""api_card_id"":"""",""api_card_status"":null,""api_card_asset_version_id"":null,""knowledge_asset_version_id"":null,""knowledge_asset_status"":null,""knowledge_asset_image_url"":null,""public_image_url"":null,""image_http_status"":null,""image_content_type"":null,""image_size_bytes"":null,""image_sha256"":null,""evidence_files"":[""production_public_api_snapshot.json"",""production_media_http_snapshot.json""]}",BLOCKED
chinese_catfish,鲶鱼,HERO,UNKNOWN_PRODUCTION_DB_UNAVAILABLE,UNKNOWN_PRODUCTION_DB_UNAVAILABLE,UNKNOWN_PRODUCTION_DB_UNAVAILABLE,UNKNOWN_PRODUCTION_DB_UNAVAILABLE,UNKNOWN_PRODUCTION_DB_UNAVAILABLE,ACTIVE,UNKNOWN_PRODUCTION_DB_UNAVAILABLE,UNKNOWN_PRODUCTION_DB_UNAVAILABLE,86,UNKNOWN_PRODUCTION_GCS_UNAVAILABLE,UNKNOWN_PRODUCTION_GCS_UNAVAILABLE,UNKNOWN_PRODUCTION_GCS_UNAVAILABLE,UNKNOWN_PRODUCTION_GCS_UNAVAILABLE,UNKNOWN_PRODUCTION_GCS_UNAVAILABLE,UNKNOWN_PRODUCTION_GCS_UNAVAILABLE,/api/v1/fish/knowledge-media/chinese_catfish/hero/v1.webp,,ACTIVE,BLOCKED_CARDS_VERSION_ID_MISSING,FAIL_HTTP_404,404,,YES,1,UNKNOWN_PRODUCTION_DB_UNAVAILABLE,UNKNOWN_PRODUCTION_DB_UNAVAILABLE,UNKNOWN_PRODUCTION_DB_UNAVAILABLE,CLIENT_PENDING,Database/GCS unavailable; cards[] does not expose asset_version_id; exact FishCard-to-version binding is unprovable. The returned public image URL responded HTTP 404; this does not prove the GCS object is absent.,"{""captured_at_asia_shanghai"":""2026-10-09T15:23:09.623153+08:00"",""list_http_status"":200,""detail_http_status"":200,""detail_surface"":""cards[]"",""api_role_row_count"":1,""api_species_role_match"":""YES"",""api_card_id"":86,""api_card_status"":""ACTIVE"",""api_card_asset_version_id"":null,""knowledge_asset_version_id"":null,""knowledge_asset_status"":null,""knowledge_asset_image_url"":null,""public_image_url"":""/api/v1/fish/knowledge-media/chinese_catfish/hero/v1.webp"",""image_http_status"":404,""image_content_type"":null,""image_size_bytes"":null,""image_sha256"":null,""evidence_files"":[""production_public_api_snapshot.json"",""production_media_http_snapshot.json""]}",BLOCKED
chinese_catfish,鲶鱼,IDENTIFICATION,UNKNOWN_PRODUCTION_DB_UNAVAILABLE,UNKNOWN_PRODUCTION_DB_UNAVAILABLE,UNKNOWN_PRODUCTION_DB_UNAVAILABLE,UNKNOWN_PRODUCTION_DB_UNAVAILABLE,UNKNOWN_PRODUCTION_DB_UNAVAILABLE,ACTIVE,UNKNOWN_PRODUCTION_DB_UNAVAILABLE,UNKNOWN_PRODUCTION_DB_UNAVAILABLE,87,UNKNOWN_PRODUCTION_GCS_UNAVAILABLE,UNKNOWN_PRODUCTION_GCS_UNAVAILABLE,UNKNOWN_PRODUCTION_GCS_UNAVAILABLE,UNKNOWN_PRODUCTION_GCS_UNAVAILABLE,UNKNOWN_PRODUCTION_GCS_UNAVAILABLE,UNKNOWN_PRODUCTION_GCS_UNAVAILABLE,/api/v1/fish/knowledge-media/chinese_catfish/identification/v1.webp,,ACTIVE,BLOCKED_CARDS_VERSION_ID_MISSING,FAIL_HTTP_404,404,,YES,1,UNKNOWN_PRODUCTION_DB_UNAVAILABLE,UNKNOWN_PRODUCTION_DB_UNAVAILABLE,UNKNOWN_PRODUCTION_DB_UNAVAILABLE,CLIENT_PENDING,Database/GCS unavailable; cards[] does not expose asset_version_id; exact FishCard-to-version binding is unprovable. The returned public image URL responded HTTP 404; this does not prove the GCS object is absent.,"{""captured_at_asia_shanghai"":""2026-10-09T15:23:09.623153+08:00"",""list_http_status"":200,""detail_http_status"":200,""detail_surface"":""cards[]"",""api_role_row_count"":1,""api_species_role_match"":""YES"",""api_card_id"":87,""api_card_status"":""ACTIVE"",""api_card_asset_version_id"":null,""knowledge_asset_version_id"":null,""knowledge_asset_status"":null,""knowledge_asset_image_url"":null,""public_image_url"":""/api/v1/fish/knowledge-media/chinese_catfish/identification/v1.webp"",""image_http_status"":404,""image_content_type"":null,""image_size_bytes"":null,""image_sha256"":null,""evidence_files"":[""production_public_api_snapshot.json"",""production_media_http_snapshot.json""]}",BLOCKED
chinese_catfish,鲶鱼,ECO,UNKNOWN_PRODUCTION_DB_UNAVAILABLE,UNKNOWN_PRODUCTION_DB_UNAVAILABLE,UNKNOWN_PRODUCTION_DB_UNAVAILABLE,UNKNOWN_PRODUCTION_DB_UNAVAILABLE,UNKNOWN_PRODUCTION_DB_UNAVAILABLE,ACTIVE,UNKNOWN_PRODUCTION_DB_UNAVAILABLE,UNKNOWN_PRODUCTION_DB_UNAVAILABLE,88,UNKNOWN_PRODUCTION_GCS_UNAVAILABLE,UNKNOWN_PRODUCTION_GCS_UNAVAILABLE,UNKNOWN_PRODUCTION_GCS_UNAVAILABLE,UNKNOWN_PRODUCTION_GCS_UNAVAILABLE,UNKNOWN_PRODUCTION_GCS_UNAVAILABLE,UNKNOWN_PRODUCTION_GCS_UNAVAILABLE,/api/v1/fish/knowledge-media/chinese_catfish/eco/v1.webp,,ACTIVE,BLOCKED_CARDS_VERSION_ID_MISSING,FAIL_HTTP_404,404,,YES,1,UNKNOWN_PRODUCTION_DB_UNAVAILABLE,UNKNOWN_PRODUCTION_DB_UNAVAILABLE,UNKNOWN_PRODUCTION_DB_UNAVAILABLE,CLIENT_PENDING,Database/GCS unavailable; cards[] does not expose asset_version_id; exact FishCard-to-version binding is unprovable. The returned public image URL responded HTTP 404; this does not prove the GCS object is absent.,"{""captured_at_asia_shanghai"":""2026-10-09T15:23:09.623153+08:00"",""list_http_status"":200,""detail_http_status"":200,""detail_surface"":""cards[]"",""api_role_row_count"":1,""api_species_role_match"":""YES"",""api_card_id"":88,""api_card_status"":""ACTIVE"",""api_card_asset_version_id"":null,""knowledge_asset_version_id"":null,""knowledge_asset_status"":null,""knowledge_asset_image_url"":null,""public_image_url"":""/api/v1/fish/knowledge-media/chinese_catfish/eco/v1.webp"",""image_http_status"":404,""image_content_type"":null,""image_size_bytes"":null,""image_sha256"":null,""evidence_files"":[""production_public_api_snapshot.json"",""production_media_http_snapshot.json""]}",BLOCKED
chinese_catfish,鲶鱼,GEAR,UNKNOWN_PRODUCTION_DB_UNAVAILABLE,UNKNOWN_PRODUCTION_DB_UNAVAILABLE,UNKNOWN_PRODUCTION_DB_UNAVAILABLE,UNKNOWN_PRODUCTION_DB_UNAVAILABLE,UNKNOWN_PRODUCTION_DB_UNAVAILABLE,ACTIVE,UNKNOWN_PRODUCTION_DB_UNAVAILABLE,UNKNOWN_PRODUCTION_DB_UNAVAILABLE,89,UNKNOWN_PRODUCTION_GCS_UNAVAILABLE,UNKNOWN_PRODUCTION_GCS_UNAVAILABLE,UNKNOWN_PRODUCTION_GCS_UNAVAILABLE,UNKNOWN_PRODUCTION_GCS_UNAVAILABLE,UNKNOWN_PRODUCTION_GCS_UNAVAILABLE,UNKNOWN_PRODUCTION_GCS_UNAVAILABLE,/api/v1/fish/knowledge-media/chinese_catfish/gear/v1.webp,,ACTIVE,BLOCKED_CARDS_VERSION_ID_MISSING,FAIL_HTTP_404,404,,YES,1,UNKNOWN_PRODUCTION_DB_UNAVAILABLE,UNKNOWN_PRODUCTION_DB_UNAVAILABLE,UNKNOWN_PRODUCTION_DB_UNAVAILABLE,CLIENT_PENDING,Database/GCS unavailable; cards[] does not expose asset_version_id; exact FishCard-to-version binding is unprovable. The returned public image URL responded HTTP 404; this does not prove the GCS object is absent.,"{""captured_at_asia_shanghai"":""2026-10-09T15:23:09.623153+08:00"",""list_http_status"":200,""detail_http_status"":200,""detail_surface"":""cards[]"",""api_role_row_count"":1,""api_species_role_match"":""YES"",""api_card_id"":89,""api_card_status"":""ACTIVE"",""api_card_asset_version_id"":null,""knowledge_asset_version_id"":null,""knowledge_asset_status"":null,""knowledge_asset_image_url"":null,""public_image_url"":""/api/v1/fish/knowledge-media/chinese_catfish/gear/v1.webp"",""image_http_status"":404,""image_content_type"":null,""image_size_bytes"":null,""image_sha256"":null,""evidence_files"":[""production_public_api_snapshot.json"",""production_media_http_snapshot.json""]}",BLOCKED
chinese_catfish,鲶鱼,SKILL,UNKNOWN_PRODUCTION_DB_UNAVAILABLE,UNKNOWN_PRODUCTION_DB_UNAVAILABLE,UNKNOWN_PRODUCTION_DB_UNAVAILABLE,UNKNOWN_PRODUCTION_DB_UNAVAILABLE,UNKNOWN_PRODUCTION_DB_UNAVAILABLE,ACTIVE,UNKNOWN_PRODUCTION_DB_UNAVAILABLE,UNKNOWN_PRODUCTION_DB_UNAVAILABLE,90,UNKNOWN_PRODUCTION_GCS_UNAVAILABLE,UNKNOWN_PRODUCTION_GCS_UNAVAILABLE,UNKNOWN_PRODUCTION_GCS_UNAVAILABLE,UNKNOWN_PRODUCTION_GCS_UNAVAILABLE,UNKNOWN_PRODUCTION_GCS_UNAVAILABLE,UNKNOWN_PRODUCTION_GCS_UNAVAILABLE,/api/v1/fish/knowledge-media/chinese_catfish/skill/v1.webp,,ACTIVE,BLOCKED_CARDS_VERSION_ID_MISSING,FAIL_HTTP_404,404,,YES,1,UNKNOWN_PRODUCTION_DB_UNAVAILABLE,UNKNOWN_PRODUCTION_DB_UNAVAILABLE,UNKNOWN_PRODUCTION_DB_UNAVAILABLE,CLIENT_PENDING,Database/GCS unavailable; cards[] does not expose asset_version_id; exact FishCard-to-version binding is unprovable. The returned public image URL responded HTTP 404; this does not prove the GCS object is absent.,"{""captured_at_asia_shanghai"":""2026-10-09T15:23:09.623153+08:00"",""list_http_status"":200,""detail_http_status"":200,""detail_surface"":""cards[]"",""api_role_row_count"":1,""api_species_role_match"":""YES"",""api_card_id"":90,""api_card_status"":""ACTIVE"",""api_card_asset_version_id"":null,""knowledge_asset_version_id"":null,""knowledge_asset_status"":null,""knowledge_asset_image_url"":null,""public_image_url"":""/api/v1/fish/knowledge-media/chinese_catfish/skill/v1.webp"",""image_http_status"":404,""image_content_type"":null,""image_size_bytes"":null,""image_sha256"":null,""evidence_files"":[""production_public_api_snapshot.json"",""production_media_http_snapshot.json""]}",BLOCKED
chinese_hooksnout_carp,马口鱼,COVER_HERO,UNKNOWN_PRODUCTION_DB_UNAVAILABLE,UNKNOWN_PRODUCTION_DB_UNAVAILABLE,UNKNOWN_PRODUCTION_DB_UNAVAILABLE,UNKNOWN_PRODUCTION_DB_UNAVAILABLE,UNKNOWN_PRODUCTION_DB_UNAVAILABLE,UNKNOWN_NOT_EXPOSED,UNKNOWN_PRODUCTION_DB_UNAVAILABLE,UNKNOWN_PRODUCTION_DB_UNAVAILABLE,,UNKNOWN_PRODUCTION_GCS_UNAVAILABLE,UNKNOWN_PRODUCTION_GCS_UNAVAILABLE,UNKNOWN_PRODUCTION_GCS_UNAVAILABLE,UNKNOWN_PRODUCTION_GCS_UNAVAILABLE,UNKNOWN_PRODUCTION_GCS_UNAVAILABLE,UNKNOWN_PRODUCTION_GCS_UNAVAILABLE,,,UNKNOWN_NOT_EXPOSED,BLOCKED_LIST_DETAIL_VERSION_FIELDS_MISSING,NO_PUBLIC_URL_FIELD,,,API_FIELDS_ABSENT,0,UNKNOWN_PRODUCTION_DB_UNAVAILABLE,UNKNOWN_PRODUCTION_DB_UNAVAILABLE,UNKNOWN_PRODUCTION_DB_UNAVAILABLE,CLIENT_PENDING,Database/GCS unavailable; public list and detail expose no COVER_HERO URL/version/status.,"{""captured_at_asia_shanghai"":""2026-10-09T15:23:09.623153+08:00"",""list_http_status"":200,""detail_http_status"":200,""detail_surface"":""detail.cover_hero_*"",""api_role_row_count"":0,""api_species_role_match"":""API_FIELDS_ABSENT"",""api_card_id"":"""",""api_card_status"":null,""api_card_asset_version_id"":null,""knowledge_asset_version_id"":null,""knowledge_asset_status"":null,""knowledge_asset_image_url"":null,""public_image_url"":null,""image_http_status"":null,""image_content_type"":null,""image_size_bytes"":null,""image_sha256"":null,""evidence_files"":[""production_public_api_snapshot.json"",""production_media_http_snapshot.json""]}",BLOCKED
chinese_hooksnout_carp,马口鱼,HERO,UNKNOWN_PRODUCTION_DB_UNAVAILABLE,UNKNOWN_PRODUCTION_DB_UNAVAILABLE,UNKNOWN_PRODUCTION_DB_UNAVAILABLE,UNKNOWN_PRODUCTION_DB_UNAVAILABLE,UNKNOWN_PRODUCTION_DB_UNAVAILABLE,ACTIVE,UNKNOWN_PRODUCTION_DB_UNAVAILABLE,UNKNOWN_PRODUCTION_DB_UNAVAILABLE,206,UNKNOWN_PRODUCTION_GCS_UNAVAILABLE,UNKNOWN_PRODUCTION_GCS_UNAVAILABLE,UNKNOWN_PRODUCTION_GCS_UNAVAILABLE,UNKNOWN_PRODUCTION_GCS_UNAVAILABLE,UNKNOWN_PRODUCTION_GCS_UNAVAILABLE,UNKNOWN_PRODUCTION_GCS_UNAVAILABLE,/api/v1/fish/knowledge-media/chinese_hooksnout_carp/hero/v1.webp,,ACTIVE,BLOCKED_CARDS_VERSION_ID_MISSING,FAIL_HTTP_404,404,,YES,1,UNKNOWN_PRODUCTION_DB_UNAVAILABLE,UNKNOWN_PRODUCTION_DB_UNAVAILABLE,UNKNOWN_PRODUCTION_DB_UNAVAILABLE,CLIENT_PENDING,Database/GCS unavailable; cards[] does not expose asset_version_id; exact FishCard-to-version binding is unprovable. The returned public image URL responded HTTP 404; this does not prove the GCS object is absent.,"{""captured_at_asia_shanghai"":""2026-10-09T15:23:09.623153+08:00"",""list_http_status"":200,""detail_http_status"":200,""detail_surface"":""cards[]"",""api_role_row_count"":1,""api_species_role_match"":""YES"",""api_card_id"":206,""api_card_status"":""ACTIVE"",""api_card_asset_version_id"":null,""knowledge_asset_version_id"":null,""knowledge_asset_status"":null,""knowledge_asset_image_url"":null,""public_image_url"":""/api/v1/fish/knowledge-media/chinese_hooksnout_carp/hero/v1.webp"",""image_http_status"":404,""image_content_type"":null,""image_size_bytes"":null,""image_sha256"":null,""evidence_files"":[""production_public_api_snapshot.json"",""production_media_http_snapshot.json""]}",BLOCKED
chinese_hooksnout_carp,马口鱼,IDENTIFICATION,UNKNOWN_PRODUCTION_DB_UNAVAILABLE,UNKNOWN_PRODUCTION_DB_UNAVAILABLE,UNKNOWN_PRODUCTION_DB_UNAVAILABLE,UNKNOWN_PRODUCTION_DB_UNAVAILABLE,UNKNOWN_PRODUCTION_DB_UNAVAILABLE,ACTIVE,UNKNOWN_PRODUCTION_DB_UNAVAILABLE,UNKNOWN_PRODUCTION_DB_UNAVAILABLE,207,UNKNOWN_PRODUCTION_GCS_UNAVAILABLE,UNKNOWN_PRODUCTION_GCS_UNAVAILABLE,UNKNOWN_PRODUCTION_GCS_UNAVAILABLE,UNKNOWN_PRODUCTION_GCS_UNAVAILABLE,UNKNOWN_PRODUCTION_GCS_UNAVAILABLE,UNKNOWN_PRODUCTION_GCS_UNAVAILABLE,/api/v1/fish/knowledge-media/chinese_hooksnout_carp/identification/v1.webp,,ACTIVE,BLOCKED_CARDS_VERSION_ID_MISSING,FAIL_HTTP_404,404,,YES,1,UNKNOWN_PRODUCTION_DB_UNAVAILABLE,UNKNOWN_PRODUCTION_DB_UNAVAILABLE,UNKNOWN_PRODUCTION_DB_UNAVAILABLE,CLIENT_PENDING,Database/GCS unavailable; cards[] does not expose asset_version_id; exact FishCard-to-version binding is unprovable. The returned public image URL responded HTTP 404; this does not prove the GCS object is absent.,"{""captured_at_asia_shanghai"":""2026-10-09T15:23:09.623153+08:00"",""list_http_status"":200,""detail_http_status"":200,""detail_surface"":""cards[]"",""api_role_row_count"":1,""api_species_role_match"":""YES"",""api_card_id"":207,""api_card_status"":""ACTIVE"",""api_card_asset_version_id"":null,""knowledge_asset_version_id"":null,""knowledge_asset_status"":null,""knowledge_asset_image_url"":null,""public_image_url"":""/api/v1/fish/knowledge-media/chinese_hooksnout_carp/identification/v1.webp"",""image_http_status"":404,""image_content_type"":null,""image_size_bytes"":null,""image_sha256"":null,""evidence_files"":[""production_public_api_snapshot.json"",""production_media_http_snapshot.json""]}",BLOCKED
chinese_hooksnout_carp,马口鱼,ECO,UNKNOWN_PRODUCTION_DB_UNAVAILABLE,UNKNOWN_PRODUCTION_DB_UNAVAILABLE,UNKNOWN_PRODUCTION_DB_UNAVAILABLE,UNKNOWN_PRODUCTION_DB_UNAVAILABLE,UNKNOWN_PRODUCTION_DB_UNAVAILABLE,ACTIVE,UNKNOWN_PRODUCTION_DB_UNAVAILABLE,UNKNOWN_PRODUCTION_DB_UNAVAILABLE,208,UNKNOWN_PRODUCTION_GCS_UNAVAILABLE,UNKNOWN_PRODUCTION_GCS_UNAVAILABLE,UNKNOWN_PRODUCTION_GCS_UNAVAILABLE,UNKNOWN_PRODUCTION_GCS_UNAVAILABLE,UNKNOWN_PRODUCTION_GCS_UNAVAILABLE,UNKNOWN_PRODUCTION_GCS_UNAVAILABLE,/api/v1/fish/knowledge-media/chinese_hooksnout_carp/eco/v1.webp,,ACTIVE,BLOCKED_CARDS_VERSION_ID_MISSING,FAIL_HTTP_404,404,,YES,1,UNKNOWN_PRODUCTION_DB_UNAVAILABLE,UNKNOWN_PRODUCTION_DB_UNAVAILABLE,UNKNOWN_PRODUCTION_DB_UNAVAILABLE,CLIENT_PENDING,Database/GCS unavailable; cards[] does not expose asset_version_id; exact FishCard-to-version binding is unprovable. The returned public image URL responded HTTP 404; this does not prove the GCS object is absent.,"{""captured_at_asia_shanghai"":""2026-10-09T15:23:09.623153+08:00"",""list_http_status"":200,""detail_http_status"":200,""detail_surface"":""cards[]"",""api_role_row_count"":1,""api_species_role_match"":""YES"",""api_card_id"":208,""api_card_status"":""ACTIVE"",""api_card_asset_version_id"":null,""knowledge_asset_version_id"":null,""knowledge_asset_status"":null,""knowledge_asset_image_url"":null,""public_image_url"":""/api/v1/fish/knowledge-media/chinese_hooksnout_carp/eco/v1.webp"",""image_http_status"":404,""image_content_type"":null,""image_size_bytes"":null,""image_sha256"":null,""evidence_files"":[""production_public_api_snapshot.json"",""production_media_http_snapshot.json""]}",BLOCKED
chinese_hooksnout_carp,马口鱼,GEAR,UNKNOWN_PRODUCTION_DB_UNAVAILABLE,UNKNOWN_PRODUCTION_DB_UNAVAILABLE,UNKNOWN_PRODUCTION_DB_UNAVAILABLE,UNKNOWN_PRODUCTION_DB_UNAVAILABLE,UNKNOWN_PRODUCTION_DB_UNAVAILABLE,ACTIVE,UNKNOWN_PRODUCTION_DB_UNAVAILABLE,UNKNOWN_PRODUCTION_DB_UNAVAILABLE,209,UNKNOWN_PRODUCTION_GCS_UNAVAILABLE,UNKNOWN_PRODUCTION_GCS_UNAVAILABLE,UNKNOWN_PRODUCTION_GCS_UNAVAILABLE,UNKNOWN_PRODUCTION_GCS_UNAVAILABLE,UNKNOWN_PRODUCTION_GCS_UNAVAILABLE,UNKNOWN_PRODUCTION_GCS_UNAVAILABLE,/api/v1/fish/knowledge-media/chinese_hooksnout_carp/gear/v1.webp,,ACTIVE,BLOCKED_CARDS_VERSION_ID_MISSING,FAIL_HTTP_404,404,,YES,1,UNKNOWN_PRODUCTION_DB_UNAVAILABLE,UNKNOWN_PRODUCTION_DB_UNAVAILABLE,UNKNOWN_PRODUCTION_DB_UNAVAILABLE,CLIENT_PENDING,Database/GCS unavailable; cards[] does not expose asset_version_id; exact FishCard-to-version binding is unprovable. The returned public image URL responded HTTP 404; this does not prove the GCS object is absent.,"{""captured_at_asia_shanghai"":""2026-10-09T15:23:09.623153+08:00"",""list_http_status"":200,""detail_http_status"":200,""detail_surface"":""cards[]"",""api_role_row_count"":1,""api_species_role_match"":""YES"",""api_card_id"":209,""api_card_status"":""ACTIVE"",""api_card_asset_version_id"":null,""knowledge_asset_version_id"":null,""knowledge_asset_status"":null,""knowledge_asset_image_url"":null,""public_image_url"":""/api/v1/fish/knowledge-media/chinese_hooksnout_carp/gear/v1.webp"",""image_http_status"":404,""image_content_type"":null,""image_size_bytes"":null,""image_sha256"":null,""evidence_files"":[""production_public_api_snapshot.json"",""production_media_http_snapshot.json""]}",BLOCKED
chinese_hooksnout_carp,马口鱼,SKILL,UNKNOWN_PRODUCTION_DB_UNAVAILABLE,UNKNOWN_PRODUCTION_DB_UNAVAILABLE,UNKNOWN_PRODUCTION_DB_UNAVAILABLE,UNKNOWN_PRODUCTION_DB_UNAVAILABLE,UNKNOWN_PRODUCTION_DB_UNAVAILABLE,ACTIVE,UNKNOWN_PRODUCTION_DB_UNAVAILABLE,UNKNOWN_PRODUCTION_DB_UNAVAILABLE,210,UNKNOWN_PRODUCTION_GCS_UNAVAILABLE,UNKNOWN_PRODUCTION_GCS_UNAVAILABLE,UNKNOWN_PRODUCTION_GCS_UNAVAILABLE,UNKNOWN_PRODUCTION_GCS_UNAVAILABLE,UNKNOWN_PRODUCTION_GCS_UNAVAILABLE,UNKNOWN_PRODUCTION_GCS_UNAVAILABLE,/api/v1/fish/knowledge-media/chinese_hooksnout_carp/skill/v1.webp,,ACTIVE,BLOCKED_CARDS_VERSION_ID_MISSING,FAIL_HTTP_404,404,,YES,1,UNKNOWN_PRODUCTION_DB_UNAVAILABLE,UNKNOWN_PRODUCTION_DB_UNAVAILABLE,UNKNOWN_PRODUCTION_DB_UNAVAILABLE,CLIENT_PENDING,Database/GCS unavailable; cards[] does not expose asset_version_id; exact FishCard-to-version binding is unprovable. The returned public image URL responded HTTP 404; this does not prove the GCS object is absent.,"{""captured_at_asia_shanghai"":""2026-10-09T15:23:09.623153+08:00"",""list_http_status"":200,""detail_http_status"":200,""detail_surface"":""cards[]"",""api_role_row_count"":1,""api_species_role_match"":""YES"",""api_card_id"":210,""api_card_status"":""ACTIVE"",""api_card_asset_version_id"":null,""knowledge_asset_version_id"":null,""knowledge_asset_status"":null,""knowledge_asset_image_url"":null,""public_image_url"":""/api/v1/fish/knowledge-media/chinese_hooksnout_carp/skill/v1.webp"",""image_http_status"":404,""image_content_type"":null,""image_size_bytes"":null,""image_sha256"":null,""evidence_files"":[""production_public_api_snapshot.json"",""production_media_http_snapshot.json""]}",BLOCKED
common_carp,鲤鱼,COVER_HERO,UNKNOWN_PRODUCTION_DB_UNAVAILABLE,UNKNOWN_PRODUCTION_DB_UNAVAILABLE,UNKNOWN_PRODUCTION_DB_UNAVAILABLE,UNKNOWN_PRODUCTION_DB_UNAVAILABLE,UNKNOWN_PRODUCTION_DB_UNAVAILABLE,UNKNOWN_NOT_EXPOSED,UNKNOWN_PRODUCTION_DB_UNAVAILABLE,UNKNOWN_PRODUCTION_DB_UNAVAILABLE,,UNKNOWN_PRODUCTION_GCS_UNAVAILABLE,UNKNOWN_PRODUCTION_GCS_UNAVAILABLE,UNKNOWN_PRODUCTION_GCS_UNAVAILABLE,UNKNOWN_PRODUCTION_GCS_UNAVAILABLE,UNKNOWN_PRODUCTION_GCS_UNAVAILABLE,UNKNOWN_PRODUCTION_GCS_UNAVAILABLE,,,UNKNOWN_NOT_EXPOSED,BLOCKED_LIST_DETAIL_VERSION_FIELDS_MISSING,NO_PUBLIC_URL_FIELD,,,API_FIELDS_ABSENT,0,UNKNOWN_PRODUCTION_DB_UNAVAILABLE,UNKNOWN_PRODUCTION_DB_UNAVAILABLE,UNKNOWN_PRODUCTION_DB_UNAVAILABLE,CLIENT_PENDING,Database/GCS unavailable; public list and detail expose no COVER_HERO URL/version/status.,"{""captured_at_asia_shanghai"":""2026-10-09T15:23:09.623153+08:00"",""list_http_status"":200,""detail_http_status"":200,""detail_surface"":""detail.cover_hero_*"",""api_role_row_count"":0,""api_species_role_match"":""API_FIELDS_ABSENT"",""api_card_id"":"""",""api_card_status"":null,""api_card_asset_version_id"":null,""knowledge_asset_version_id"":null,""knowledge_asset_status"":null,""knowledge_asset_image_url"":null,""public_image_url"":null,""image_http_status"":null,""image_content_type"":null,""image_size_bytes"":null,""image_sha256"":null,""evidence_files"":[""production_public_api_snapshot.json"",""production_media_http_snapshot.json""]}",BLOCKED
common_carp,鲤鱼,HERO,UNKNOWN_PRODUCTION_DB_UNAVAILABLE,UNKNOWN_PRODUCTION_DB_UNAVAILABLE,UNKNOWN_PRODUCTION_DB_UNAVAILABLE,UNKNOWN_PRODUCTION_DB_UNAVAILABLE,UNKNOWN_PRODUCTION_DB_UNAVAILABLE,ACTIVE,UNKNOWN_PRODUCTION_DB_UNAVAILABLE,UNKNOWN_PRODUCTION_DB_UNAVAILABLE,16,UNKNOWN_PRODUCTION_GCS_UNAVAILABLE,UNKNOWN_PRODUCTION_GCS_UNAVAILABLE,UNKNOWN_PRODUCTION_GCS_UNAVAILABLE,UNKNOWN_PRODUCTION_GCS_UNAVAILABLE,UNKNOWN_PRODUCTION_GCS_UNAVAILABLE,UNKNOWN_PRODUCTION_GCS_UNAVAILABLE,/api/v1/fish/knowledge-media/common_carp/hero/v1.webp,,ACTIVE,BLOCKED_CARDS_VERSION_ID_MISSING,FAIL_HTTP_404,404,,YES,1,UNKNOWN_PRODUCTION_DB_UNAVAILABLE,UNKNOWN_PRODUCTION_DB_UNAVAILABLE,UNKNOWN_PRODUCTION_DB_UNAVAILABLE,CLIENT_PENDING,Database/GCS unavailable; cards[] does not expose asset_version_id; exact FishCard-to-version binding is unprovable. The returned public image URL responded HTTP 404; this does not prove the GCS object is absent.,"{""captured_at_asia_shanghai"":""2026-10-09T15:23:09.623153+08:00"",""list_http_status"":200,""detail_http_status"":200,""detail_surface"":""cards[]"",""api_role_row_count"":1,""api_species_role_match"":""YES"",""api_card_id"":16,""api_card_status"":""ACTIVE"",""api_card_asset_version_id"":null,""knowledge_asset_version_id"":null,""knowledge_asset_status"":null,""knowledge_asset_image_url"":null,""public_image_url"":""/api/v1/fish/knowledge-media/common_carp/hero/v1.webp"",""image_http_status"":404,""image_content_type"":null,""image_size_bytes"":null,""image_sha256"":null,""evidence_files"":[""production_public_api_snapshot.json"",""production_media_http_snapshot.json""]}",BLOCKED
common_carp,鲤鱼,IDENTIFICATION,UNKNOWN_PRODUCTION_DB_UNAVAILABLE,UNKNOWN_PRODUCTION_DB_UNAVAILABLE,UNKNOWN_PRODUCTION_DB_UNAVAILABLE,UNKNOWN_PRODUCTION_DB_UNAVAILABLE,UNKNOWN_PRODUCTION_DB_UNAVAILABLE,ACTIVE,UNKNOWN_PRODUCTION_DB_UNAVAILABLE,UNKNOWN_PRODUCTION_DB_UNAVAILABLE,17,UNKNOWN_PRODUCTION_GCS_UNAVAILABLE,UNKNOWN_PRODUCTION_GCS_UNAVAILABLE,UNKNOWN_PRODUCTION_GCS_UNAVAILABLE,UNKNOWN_PRODUCTION_GCS_UNAVAILABLE,UNKNOWN_PRODUCTION_GCS_UNAVAILABLE,UNKNOWN_PRODUCTION_GCS_UNAVAILABLE,/api/v1/fish/knowledge-media/common_carp/identification/v1.webp,,ACTIVE,BLOCKED_CARDS_VERSION_ID_MISSING,FAIL_HTTP_404,404,,YES,1,UNKNOWN_PRODUCTION_DB_UNAVAILABLE,UNKNOWN_PRODUCTION_DB_UNAVAILABLE,UNKNOWN_PRODUCTION_DB_UNAVAILABLE,CLIENT_PENDING,Database/GCS unavailable; cards[] does not expose asset_version_id; exact FishCard-to-version binding is unprovable. The returned public image URL responded HTTP 404; this does not prove the GCS object is absent.,"{""captured_at_asia_shanghai"":""2026-10-09T15:23:09.623153+08:00"",""list_http_status"":200,""detail_http_status"":200,""detail_surface"":""cards[]"",""api_role_row_count"":1,""api_species_role_match"":""YES"",""api_card_id"":17,""api_card_status"":""ACTIVE"",""api_card_asset_version_id"":null,""knowledge_asset_version_id"":null,""knowledge_asset_status"":null,""knowledge_asset_image_url"":null,""public_image_url"":""/api/v1/fish/knowledge-media/common_carp/identification/v1.webp"",""image_http_status"":404,""image_content_type"":null,""image_size_bytes"":null,""image_sha256"":null,""evidence_files"":[""production_public_api_snapshot.json"",""production_media_http_snapshot.json""]}",BLOCKED
common_carp,鲤鱼,ECO,UNKNOWN_PRODUCTION_DB_UNAVAILABLE,UNKNOWN_PRODUCTION_DB_UNAVAILABLE,UNKNOWN_PRODUCTION_DB_UNAVAILABLE,UNKNOWN_PRODUCTION_DB_UNAVAILABLE,UNKNOWN_PRODUCTION_DB_UNAVAILABLE,ACTIVE,UNKNOWN_PRODUCTION_DB_UNAVAILABLE,UNKNOWN_PRODUCTION_DB_UNAVAILABLE,18,UNKNOWN_PRODUCTION_GCS_UNAVAILABLE,UNKNOWN_PRODUCTION_GCS_UNAVAILABLE,UNKNOWN_PRODUCTION_GCS_UNAVAILABLE,UNKNOWN_PRODUCTION_GCS_UNAVAILABLE,UNKNOWN_PRODUCTION_GCS_UNAVAILABLE,UNKNOWN_PRODUCTION_GCS_UNAVAILABLE,/api/v1/fish/knowledge-media/common_carp/eco/v1.webp,,ACTIVE,BLOCKED_CARDS_VERSION_ID_MISSING,FAIL_HTTP_404,404,,YES,1,UNKNOWN_PRODUCTION_DB_UNAVAILABLE,UNKNOWN_PRODUCTION_DB_UNAVAILABLE,UNKNOWN_PRODUCTION_DB_UNAVAILABLE,CLIENT_PENDING,Database/GCS unavailable; cards[] does not expose asset_version_id; exact FishCard-to-version binding is unprovable. The returned public image URL responded HTTP 404; this does not prove the GCS object is absent.,"{""captured_at_asia_shanghai"":""2026-10-09T15:23:09.623153+08:00"",""list_http_status"":200,""detail_http_status"":200,""detail_surface"":""cards[]"",""api_role_row_count"":1,""api_species_role_match"":""YES"",""api_card_id"":18,""api_card_status"":""ACTIVE"",""api_card_asset_version_id"":null,""knowledge_asset_version_id"":null,""knowledge_asset_status"":null,""knowledge_asset_image_url"":null,""public_image_url"":""/api/v1/fish/knowledge-media/common_carp/eco/v1.webp"",""image_http_status"":404,""image_content_type"":null,""image_size_bytes"":null,""image_sha256"":null,""evidence_files"":[""production_public_api_snapshot.json"",""production_media_http_snapshot.json""]}",BLOCKED
common_carp,鲤鱼,GEAR,UNKNOWN_PRODUCTION_DB_UNAVAILABLE,UNKNOWN_PRODUCTION_DB_UNAVAILABLE,UNKNOWN_PRODUCTION_DB_UNAVAILABLE,UNKNOWN_PRODUCTION_DB_UNAVAILABLE,UNKNOWN_PRODUCTION_DB_UNAVAILABLE,ACTIVE,UNKNOWN_PRODUCTION_DB_UNAVAILABLE,UNKNOWN_PRODUCTION_DB_UNAVAILABLE,19,UNKNOWN_PRODUCTION_GCS_UNAVAILABLE,UNKNOWN_PRODUCTION_GCS_UNAVAILABLE,UNKNOWN_PRODUCTION_GCS_UNAVAILABLE,UNKNOWN_PRODUCTION_GCS_UNAVAILABLE,UNKNOWN_PRODUCTION_GCS_UNAVAILABLE,UNKNOWN_PRODUCTION_GCS_UNAVAILABLE,/api/v1/fish/knowledge-media/common_carp/gear/v1.webp,,ACTIVE,BLOCKED_CARDS_VERSION_ID_MISSING,FAIL_HTTP_404,404,,YES,1,UNKNOWN_PRODUCTION_DB_UNAVAILABLE,UNKNOWN_PRODUCTION_DB_UNAVAILABLE,UNKNOWN_PRODUCTION_DB_UNAVAILABLE,CLIENT_PENDING,Database/GCS unavailable; cards[] does not expose asset_version_id; exact FishCard-to-version binding is unprovable. The returned public image URL responded HTTP 404; this does not prove the GCS object is absent.,"{""captured_at_asia_shanghai"":""2026-10-09T15:23:09.623153+08:00"",""list_http_status"":200,""detail_http_status"":200,""detail_surface"":""cards[]"",""api_role_row_count"":1,""api_species_role_match"":""YES"",""api_card_id"":19,""api_card_status"":""ACTIVE"",""api_card_asset_version_id"":null,""knowledge_asset_version_id"":null,""knowledge_asset_status"":null,""knowledge_asset_image_url"":null,""public_image_url"":""/api/v1/fish/knowledge-media/common_carp/gear/v1.webp"",""image_http_status"":404,""image_content_type"":null,""image_size_bytes"":null,""image_sha256"":null,""evidence_files"":[""production_public_api_snapshot.json"",""production_media_http_snapshot.json""]}",BLOCKED
common_carp,鲤鱼,SKILL,UNKNOWN_PRODUCTION_DB_UNAVAILABLE,UNKNOWN_PRODUCTION_DB_UNAVAILABLE,UNKNOWN_PRODUCTION_DB_UNAVAILABLE,UNKNOWN_PRODUCTION_DB_UNAVAILABLE,UNKNOWN_PRODUCTION_DB_UNAVAILABLE,ACTIVE,UNKNOWN_PRODUCTION_DB_UNAVAILABLE,UNKNOWN_PRODUCTION_DB_UNAVAILABLE,20,UNKNOWN_PRODUCTION_GCS_UNAVAILABLE,UNKNOWN_PRODUCTION_GCS_UNAVAILABLE,UNKNOWN_PRODUCTION_GCS_UNAVAILABLE,UNKNOWN_PRODUCTION_GCS_UNAVAILABLE,UNKNOWN_PRODUCTION_GCS_UNAVAILABLE,UNKNOWN_PRODUCTION_GCS_UNAVAILABLE,/api/v1/fish/knowledge-media/common_carp/skill/v1.webp,,ACTIVE,BLOCKED_CARDS_VERSION_ID_MISSING,FAIL_HTTP_404,404,,YES,1,UNKNOWN_PRODUCTION_DB_UNAVAILABLE,UNKNOWN_PRODUCTION_DB_UNAVAILABLE,UNKNOWN_PRODUCTION_DB_UNAVAILABLE,CLIENT_PENDING,Database/GCS unavailable; cards[] does not expose asset_version_id; exact FishCard-to-version binding is unprovable. The returned public image URL responded HTTP 404; this does not prove the GCS object is absent.,"{""captured_at_asia_shanghai"":""2026-10-09T15:23:09.623153+08:00"",""list_http_status"":200,""detail_http_status"":200,""detail_surface"":""cards[]"",""api_role_row_count"":1,""api_species_role_match"":""YES"",""api_card_id"":20,""api_card_status"":""ACTIVE"",""api_card_asset_version_id"":null,""knowledge_asset_version_id"":null,""knowledge_asset_status"":null,""knowledge_asset_image_url"":null,""public_image_url"":""/api/v1/fish/knowledge-media/common_carp/skill/v1.webp"",""image_http_status"":404,""image_content_type"":null,""image_size_bytes"":null,""image_sha256"":null,""evidence_files"":[""production_public_api_snapshot.json"",""production_media_http_snapshot.json""]}",BLOCKED
crucian_carp,鲫鱼,COVER_HERO,UNKNOWN_PRODUCTION_DB_UNAVAILABLE,UNKNOWN_PRODUCTION_DB_UNAVAILABLE,UNKNOWN_PRODUCTION_DB_UNAVAILABLE,UNKNOWN_PRODUCTION_DB_UNAVAILABLE,UNKNOWN_PRODUCTION_DB_UNAVAILABLE,UNKNOWN_NOT_EXPOSED,UNKNOWN_PRODUCTION_DB_UNAVAILABLE,UNKNOWN_PRODUCTION_DB_UNAVAILABLE,,UNKNOWN_PRODUCTION_GCS_UNAVAILABLE,UNKNOWN_PRODUCTION_GCS_UNAVAILABLE,UNKNOWN_PRODUCTION_GCS_UNAVAILABLE,UNKNOWN_PRODUCTION_GCS_UNAVAILABLE,UNKNOWN_PRODUCTION_GCS_UNAVAILABLE,UNKNOWN_PRODUCTION_GCS_UNAVAILABLE,,,UNKNOWN_NOT_EXPOSED,BLOCKED_LIST_DETAIL_VERSION_FIELDS_MISSING,NO_PUBLIC_URL_FIELD,,,API_FIELDS_ABSENT,0,UNKNOWN_PRODUCTION_DB_UNAVAILABLE,UNKNOWN_PRODUCTION_DB_UNAVAILABLE,UNKNOWN_PRODUCTION_DB_UNAVAILABLE,CLIENT_PENDING,Database/GCS unavailable; public list and detail expose no COVER_HERO URL/version/status.,"{""captured_at_asia_shanghai"":""2026-10-09T15:23:09.623153+08:00"",""list_http_status"":200,""detail_http_status"":200,""detail_surface"":""detail.cover_hero_*"",""api_role_row_count"":0,""api_species_role_match"":""API_FIELDS_ABSENT"",""api_card_id"":"""",""api_card_status"":null,""api_card_asset_version_id"":null,""knowledge_asset_version_id"":null,""knowledge_asset_status"":null,""knowledge_asset_image_url"":null,""public_image_url"":null,""image_http_status"":null,""image_content_type"":null,""image_size_bytes"":null,""image_sha256"":null,""evidence_files"":[""production_public_api_snapshot.json"",""production_media_http_snapshot.json""]}",BLOCKED
crucian_carp,鲫鱼,HERO,UNKNOWN_PRODUCTION_DB_UNAVAILABLE,UNKNOWN_PRODUCTION_DB_UNAVAILABLE,UNKNOWN_PRODUCTION_DB_UNAVAILABLE,UNKNOWN_PRODUCTION_DB_UNAVAILABLE,UNKNOWN_PRODUCTION_DB_UNAVAILABLE,ACTIVE,UNKNOWN_PRODUCTION_DB_UNAVAILABLE,UNKNOWN_PRODUCTION_DB_UNAVAILABLE,6,UNKNOWN_PRODUCTION_GCS_UNAVAILABLE,UNKNOWN_PRODUCTION_GCS_UNAVAILABLE,UNKNOWN_PRODUCTION_GCS_UNAVAILABLE,UNKNOWN_PRODUCTION_GCS_UNAVAILABLE,UNKNOWN_PRODUCTION_GCS_UNAVAILABLE,UNKNOWN_PRODUCTION_GCS_UNAVAILABLE,/api/v1/fish/knowledge-media/crucian_carp/hero/hero.webp,,ACTIVE,BLOCKED_CARDS_VERSION_ID_MISSING,PASS_HTTP_200,200,9429258b89864d4936eb694786a462bcd6fdf93979f8947de9b784396e806f7b,YES,1,UNKNOWN_PRODUCTION_DB_UNAVAILABLE,UNKNOWN_PRODUCTION_DB_UNAVAILABLE,UNKNOWN_PRODUCTION_DB_UNAVAILABLE,CLIENT_PENDING,Database/GCS unavailable; cards[] does not expose asset_version_id; exact FishCard-to-version binding is unprovable.,"{""captured_at_asia_shanghai"":""2026-10-09T15:23:09.623153+08:00"",""list_http_status"":200,""detail_http_status"":200,""detail_surface"":""cards[]"",""api_role_row_count"":1,""api_species_role_match"":""YES"",""api_card_id"":6,""api_card_status"":""ACTIVE"",""api_card_asset_version_id"":null,""knowledge_asset_version_id"":null,""knowledge_asset_status"":null,""knowledge_asset_image_url"":null,""public_image_url"":""/api/v1/fish/knowledge-media/crucian_carp/hero/hero.webp"",""image_http_status"":200,""image_content_type"":""image/webp"",""image_size_bytes"":519454,""image_sha256"":""9429258b89864d4936eb694786a462bcd6fdf93979f8947de9b784396e806f7b"",""evidence_files"":[""production_public_api_snapshot.json"",""production_media_http_snapshot.json""]}",BLOCKED
crucian_carp,鲫鱼,IDENTIFICATION,UNKNOWN_PRODUCTION_DB_UNAVAILABLE,UNKNOWN_PRODUCTION_DB_UNAVAILABLE,UNKNOWN_PRODUCTION_DB_UNAVAILABLE,UNKNOWN_PRODUCTION_DB_UNAVAILABLE,UNKNOWN_PRODUCTION_DB_UNAVAILABLE,ACTIVE,UNKNOWN_PRODUCTION_DB_UNAVAILABLE,UNKNOWN_PRODUCTION_DB_UNAVAILABLE,7,UNKNOWN_PRODUCTION_GCS_UNAVAILABLE,UNKNOWN_PRODUCTION_GCS_UNAVAILABLE,UNKNOWN_PRODUCTION_GCS_UNAVAILABLE,UNKNOWN_PRODUCTION_GCS_UNAVAILABLE,UNKNOWN_PRODUCTION_GCS_UNAVAILABLE,UNKNOWN_PRODUCTION_GCS_UNAVAILABLE,/api/v1/fish/knowledge-media/crucian_carp/identification/identification.webp,,ACTIVE,BLOCKED_CARDS_VERSION_ID_MISSING,PASS_HTTP_200,200,936b872a086455942beb905e41dc42776adf314294d9875d415f3a2db27bc6ab,YES,1,UNKNOWN_PRODUCTION_DB_UNAVAILABLE,UNKNOWN_PRODUCTION_DB_UNAVAILABLE,UNKNOWN_PRODUCTION_DB_UNAVAILABLE,CLIENT_PENDING,Database/GCS unavailable; cards[] does not expose asset_version_id; exact FishCard-to-version binding is unprovable.,"{""captured_at_asia_shanghai"":""2026-10-09T15:23:09.623153+08:00"",""list_http_status"":200,""detail_http_status"":200,""detail_surface"":""cards[]"",""api_role_row_count"":1,""api_species_role_match"":""YES"",""api_card_id"":7,""api_card_status"":""ACTIVE"",""api_card_asset_version_id"":null,""knowledge_asset_version_id"":null,""knowledge_asset_status"":null,""knowledge_asset_image_url"":null,""public_image_url"":""/api/v1/fish/knowledge-media/crucian_carp/identification/identification.webp"",""image_http_status"":200,""image_content_type"":""image/webp"",""image_size_bytes"":357136,""image_sha256"":""936b872a086455942beb905e41dc42776adf314294d9875d415f3a2db27bc6ab"",""evidence_files"":[""production_public_api_snapshot.json"",""production_media_http_snapshot.json""]}",BLOCKED
crucian_carp,鲫鱼,ECO,UNKNOWN_PRODUCTION_DB_UNAVAILABLE,UNKNOWN_PRODUCTION_DB_UNAVAILABLE,UNKNOWN_PRODUCTION_DB_UNAVAILABLE,UNKNOWN_PRODUCTION_DB_UNAVAILABLE,UNKNOWN_PRODUCTION_DB_UNAVAILABLE,ACTIVE,UNKNOWN_PRODUCTION_DB_UNAVAILABLE,UNKNOWN_PRODUCTION_DB_UNAVAILABLE,8,UNKNOWN_PRODUCTION_GCS_UNAVAILABLE,UNKNOWN_PRODUCTION_GCS_UNAVAILABLE,UNKNOWN_PRODUCTION_GCS_UNAVAILABLE,UNKNOWN_PRODUCTION_GCS_UNAVAILABLE,UNKNOWN_PRODUCTION_GCS_UNAVAILABLE,UNKNOWN_PRODUCTION_GCS_UNAVAILABLE,/api/v1/fish/knowledge-media/crucian_carp/eco/eco.webp,,ACTIVE,BLOCKED_CARDS_VERSION_ID_MISSING,PASS_HTTP_200,200,936b872a086455942beb905e41dc42776adf314294d9875d415f3a2db27bc6ab,YES,1,UNKNOWN_PRODUCTION_DB_UNAVAILABLE,UNKNOWN_PRODUCTION_DB_UNAVAILABLE,UNKNOWN_PRODUCTION_DB_UNAVAILABLE,CLIENT_PENDING,Database/GCS unavailable; cards[] does not expose asset_version_id; exact FishCard-to-version binding is unprovable.,"{""captured_at_asia_shanghai"":""2026-10-09T15:23:09.623153+08:00"",""list_http_status"":200,""detail_http_status"":200,""detail_surface"":""cards[]"",""api_role_row_count"":1,""api_species_role_match"":""YES"",""api_card_id"":8,""api_card_status"":""ACTIVE"",""api_card_asset_version_id"":null,""knowledge_asset_version_id"":null,""knowledge_asset_status"":null,""knowledge_asset_image_url"":null,""public_image_url"":""/api/v1/fish/knowledge-media/crucian_carp/eco/eco.webp"",""image_http_status"":200,""image_content_type"":""image/webp"",""image_size_bytes"":357136,""image_sha256"":""936b872a086455942beb905e41dc42776adf314294d9875d415f3a2db27bc6ab"",""evidence_files"":[""production_public_api_snapshot.json"",""production_media_http_snapshot.json""]}",BLOCKED
crucian_carp,鲫鱼,GEAR,UNKNOWN_PRODUCTION_DB_UNAVAILABLE,UNKNOWN_PRODUCTION_DB_UNAVAILABLE,UNKNOWN_PRODUCTION_DB_UNAVAILABLE,UNKNOWN_PRODUCTION_DB_UNAVAILABLE,UNKNOWN_PRODUCTION_DB_UNAVAILABLE,ACTIVE,UNKNOWN_PRODUCTION_DB_UNAVAILABLE,UNKNOWN_PRODUCTION_DB_UNAVAILABLE,9,UNKNOWN_PRODUCTION_GCS_UNAVAILABLE,UNKNOWN_PRODUCTION_GCS_UNAVAILABLE,UNKNOWN_PRODUCTION_GCS_UNAVAILABLE,UNKNOWN_PRODUCTION_GCS_UNAVAILABLE,UNKNOWN_PRODUCTION_GCS_UNAVAILABLE,UNKNOWN_PRODUCTION_GCS_UNAVAILABLE,/api/v1/fish/knowledge-media/crucian_carp/gear/gear.webp,,ACTIVE,BLOCKED_CARDS_VERSION_ID_MISSING,PASS_HTTP_200,200,8f8287cc8b7604fb202eee13b824b3cdc28d76961d8853c049a19a3fb044539c,YES,1,UNKNOWN_PRODUCTION_DB_UNAVAILABLE,UNKNOWN_PRODUCTION_DB_UNAVAILABLE,UNKNOWN_PRODUCTION_DB_UNAVAILABLE,CLIENT_PENDING,Database/GCS unavailable; cards[] does not expose asset_version_id; exact FishCard-to-version binding is unprovable.,"{""captured_at_asia_shanghai"":""2026-10-09T15:23:09.623153+08:00"",""list_http_status"":200,""detail_http_status"":200,""detail_surface"":""cards[]"",""api_role_row_count"":1,""api_species_role_match"":""YES"",""api_card_id"":9,""api_card_status"":""ACTIVE"",""api_card_asset_version_id"":null,""knowledge_asset_version_id"":null,""knowledge_asset_status"":null,""knowledge_asset_image_url"":null,""public_image_url"":""/api/v1/fish/knowledge-media/crucian_carp/gear/gear.webp"",""image_http_status"":200,""image_content_type"":""image/webp"",""image_size_bytes"":289578,""image_sha256"":""8f8287cc8b7604fb202eee13b824b3cdc28d76961d8853c049a19a3fb044539c"",""evidence_files"":[""production_public_api_snapshot.json"",""production_media_http_snapshot.json""]}",BLOCKED
crucian_carp,鲫鱼,SKILL,UNKNOWN_PRODUCTION_DB_UNAVAILABLE,UNKNOWN_PRODUCTION_DB_UNAVAILABLE,UNKNOWN_PRODUCTION_DB_UNAVAILABLE,UNKNOWN_PRODUCTION_DB_UNAVAILABLE,UNKNOWN_PRODUCTION_DB_UNAVAILABLE,ACTIVE,UNKNOWN_PRODUCTION_DB_UNAVAILABLE,UNKNOWN_PRODUCTION_DB_UNAVAILABLE,10,UNKNOWN_PRODUCTION_GCS_UNAVAILABLE,UNKNOWN_PRODUCTION_GCS_UNAVAILABLE,UNKNOWN_PRODUCTION_GCS_UNAVAILABLE,UNKNOWN_PRODUCTION_GCS_UNAVAILABLE,UNKNOWN_PRODUCTION_GCS_UNAVAILABLE,UNKNOWN_PRODUCTION_GCS_UNAVAILABLE,/api/v1/fish/knowledge-media/crucian_carp/skill/skill.webp,,ACTIVE,BLOCKED_CARDS_VERSION_ID_MISSING,PASS_HTTP_200,200,3d737bd52f358f3e09feda2a55da80d6fd09dc1ff01b550a436c5b6366050472,YES,1,UNKNOWN_PRODUCTION_DB_UNAVAILABLE,UNKNOWN_PRODUCTION_DB_UNAVAILABLE,UNKNOWN_PRODUCTION_DB_UNAVAILABLE,CLIENT_PENDING,Database/GCS unavailable; cards[] does not expose asset_version_id; exact FishCard-to-version binding is unprovable.,"{""captured_at_asia_shanghai"":""2026-10-09T15:23:09.623153+08:00"",""list_http_status"":200,""detail_http_status"":200,""detail_surface"":""cards[]"",""api_role_row_count"":1,""api_species_role_match"":""YES"",""api_card_id"":10,""api_card_status"":""ACTIVE"",""api_card_asset_version_id"":null,""knowledge_asset_version_id"":null,""knowledge_asset_status"":null,""knowledge_asset_image_url"":null,""public_image_url"":""/api/v1/fish/knowledge-media/crucian_carp/skill/skill.webp"",""image_http_status"":200,""image_content_type"":""image/webp"",""image_size_bytes"":459120,""image_sha256"":""3d737bd52f358f3e09feda2a55da80d6fd09dc1ff01b550a436c5b6366050472"",""evidence_files"":[""production_public_api_snapshot.json"",""production_media_http_snapshot.json""]}",BLOCKED
grass_carp,草鱼,COVER_HERO,UNKNOWN_PRODUCTION_DB_UNAVAILABLE,UNKNOWN_PRODUCTION_DB_UNAVAILABLE,UNKNOWN_PRODUCTION_DB_UNAVAILABLE,UNKNOWN_PRODUCTION_DB_UNAVAILABLE,UNKNOWN_PRODUCTION_DB_UNAVAILABLE,UNKNOWN_NOT_EXPOSED,UNKNOWN_PRODUCTION_DB_UNAVAILABLE,UNKNOWN_PRODUCTION_DB_UNAVAILABLE,,UNKNOWN_PRODUCTION_GCS_UNAVAILABLE,UNKNOWN_PRODUCTION_GCS_UNAVAILABLE,UNKNOWN_PRODUCTION_GCS_UNAVAILABLE,UNKNOWN_PRODUCTION_GCS_UNAVAILABLE,UNKNOWN_PRODUCTION_GCS_UNAVAILABLE,UNKNOWN_PRODUCTION_GCS_UNAVAILABLE,/api/v1/fish/knowledge-media/grass_carp/cover_hero/v1.webp,,UNKNOWN_NOT_EXPOSED,BLOCKED_LIST_DETAIL_VERSION_FIELDS_MISSING,PASS_HTTP_200,200,69db953044f8985969a273a6c5a1fe59928e6804e1bd4bb4c9b7c4d372f60b80,YES,1,UNKNOWN_PRODUCTION_DB_UNAVAILABLE,UNKNOWN_PRODUCTION_DB_UNAVAILABLE,UNKNOWN_PRODUCTION_DB_UNAVAILABLE,CLIENT_PENDING,Database/GCS unavailable; list and detail version/status fields are absent.,"{""captured_at_asia_shanghai"":""2026-10-09T15:23:09.623153+08:00"",""list_http_status"":200,""detail_http_status"":200,""detail_surface"":""detail.cover_hero_*"",""api_role_row_count"":1,""api_species_role_match"":""YES"",""api_card_id"":"""",""api_card_status"":null,""api_card_asset_version_id"":null,""knowledge_asset_version_id"":null,""knowledge_asset_status"":null,""knowledge_asset_image_url"":null,""public_image_url"":""/api/v1/fish/knowledge-media/grass_carp/cover_hero/v1.webp"",""image_http_status"":200,""image_content_type"":""image/webp"",""image_size_bytes"":354890,""image_sha256"":""69db953044f8985969a273a6c5a1fe59928e6804e1bd4bb4c9b7c4d372f60b80"",""evidence_files"":[""production_public_api_snapshot.json"",""production_media_http_snapshot.json""]}",BLOCKED
grass_carp,草鱼,HERO,UNKNOWN_PRODUCTION_DB_UNAVAILABLE,UNKNOWN_PRODUCTION_DB_UNAVAILABLE,UNKNOWN_PRODUCTION_DB_UNAVAILABLE,UNKNOWN_PRODUCTION_DB_UNAVAILABLE,UNKNOWN_PRODUCTION_DB_UNAVAILABLE,ACTIVE,UNKNOWN_PRODUCTION_DB_UNAVAILABLE,UNKNOWN_PRODUCTION_DB_UNAVAILABLE,386,UNKNOWN_PRODUCTION_GCS_UNAVAILABLE,UNKNOWN_PRODUCTION_GCS_UNAVAILABLE,UNKNOWN_PRODUCTION_GCS_UNAVAILABLE,UNKNOWN_PRODUCTION_GCS_UNAVAILABLE,UNKNOWN_PRODUCTION_GCS_UNAVAILABLE,UNKNOWN_PRODUCTION_GCS_UNAVAILABLE,/api/v1/fish/knowledge-media/grass_carp/hero/v2.webp,136,ACTIVE,BLOCKED_CARDS_VERSION_ID_MISSING,PASS_HTTP_200,200,84a41334b7667b09ee469ea9d1509606ae55e3dff52ddfeb3d822da377684e01,YES,1,UNKNOWN_PRODUCTION_DB_UNAVAILABLE,UNKNOWN_PRODUCTION_DB_UNAVAILABLE,UNKNOWN_PRODUCTION_DB_UNAVAILABLE,CLIENT_PENDING,Database/GCS unavailable; cards[] does not expose asset_version_id; exact FishCard-to-version binding is unprovable.,"{""captured_at_asia_shanghai"":""2026-10-09T15:23:09.623153+08:00"",""list_http_status"":200,""detail_http_status"":200,""detail_surface"":""cards[] + knowledge_assets"",""api_role_row_count"":1,""api_species_role_match"":""YES"",""api_card_id"":386,""api_card_status"":""ACTIVE"",""api_card_asset_version_id"":null,""knowledge_asset_version_id"":136,""knowledge_asset_status"":null,""knowledge_asset_image_url"":""/api/v1/fish/knowledge-media/grass_carp/hero/v2.webp"",""public_image_url"":""/api/v1/fish/knowledge-media/grass_carp/hero/v2.webp"",""image_http_status"":200,""image_content_type"":""image/webp"",""image_size_bytes"":380476,""image_sha256"":""84a41334b7667b09ee469ea9d1509606ae55e3dff52ddfeb3d822da377684e01"",""evidence_files"":[""production_public_api_snapshot.json"",""production_media_http_snapshot.json""]}",BLOCKED
grass_carp,草鱼,IDENTIFICATION,UNKNOWN_PRODUCTION_DB_UNAVAILABLE,UNKNOWN_PRODUCTION_DB_UNAVAILABLE,UNKNOWN_PRODUCTION_DB_UNAVAILABLE,UNKNOWN_PRODUCTION_DB_UNAVAILABLE,UNKNOWN_PRODUCTION_DB_UNAVAILABLE,ACTIVE,UNKNOWN_PRODUCTION_DB_UNAVAILABLE,UNKNOWN_PRODUCTION_DB_UNAVAILABLE,387,UNKNOWN_PRODUCTION_GCS_UNAVAILABLE,UNKNOWN_PRODUCTION_GCS_UNAVAILABLE,UNKNOWN_PRODUCTION_GCS_UNAVAILABLE,UNKNOWN_PRODUCTION_GCS_UNAVAILABLE,UNKNOWN_PRODUCTION_GCS_UNAVAILABLE,UNKNOWN_PRODUCTION_GCS_UNAVAILABLE,/api/v1/fish/knowledge-media/grass_carp/identification/v2.webp,137,ACTIVE,BLOCKED_CARDS_VERSION_ID_MISSING,PASS_HTTP_200,200,b606030d31d8efcf189e865ad733a1f912f352e750ba50112a9522cb21004b0d,YES,1,UNKNOWN_PRODUCTION_DB_UNAVAILABLE,UNKNOWN_PRODUCTION_DB_UNAVAILABLE,UNKNOWN_PRODUCTION_DB_UNAVAILABLE,CLIENT_PENDING,Database/GCS unavailable; cards[] does not expose asset_version_id; exact FishCard-to-version binding is unprovable.,"{""captured_at_asia_shanghai"":""2026-10-09T15:23:09.623153+08:00"",""list_http_status"":200,""detail_http_status"":200,""detail_surface"":""cards[] + knowledge_assets"",""api_role_row_count"":1,""api_species_role_match"":""YES"",""api_card_id"":387,""api_card_status"":""ACTIVE"",""api_card_asset_version_id"":null,""knowledge_asset_version_id"":137,""knowledge_asset_status"":null,""knowledge_asset_image_url"":""/api/v1/fish/knowledge-media/grass_carp/identification/v2.webp"",""public_image_url"":""/api/v1/fish/knowledge-media/grass_carp/identification/v2.webp"",""image_http_status"":200,""image_content_type"":""image/webp"",""image_size_bytes"":442242,""image_sha256"":""b606030d31d8efcf189e865ad733a1f912f352e750ba50112a9522cb21004b0d"",""evidence_files"":[""production_public_api_snapshot.json"",""production_media_http_snapshot.json""]}",BLOCKED
grass_carp,草鱼,ECO,UNKNOWN_PRODUCTION_DB_UNAVAILABLE,UNKNOWN_PRODUCTION_DB_UNAVAILABLE,UNKNOWN_PRODUCTION_DB_UNAVAILABLE,UNKNOWN_PRODUCTION_DB_UNAVAILABLE,UNKNOWN_PRODUCTION_DB_UNAVAILABLE,ACTIVE,UNKNOWN_PRODUCTION_DB_UNAVAILABLE,UNKNOWN_PRODUCTION_DB_UNAVAILABLE,388,UNKNOWN_PRODUCTION_GCS_UNAVAILABLE,UNKNOWN_PRODUCTION_GCS_UNAVAILABLE,UNKNOWN_PRODUCTION_GCS_UNAVAILABLE,UNKNOWN_PRODUCTION_GCS_UNAVAILABLE,UNKNOWN_PRODUCTION_GCS_UNAVAILABLE,UNKNOWN_PRODUCTION_GCS_UNAVAILABLE,/api/v1/fish/knowledge-media/grass_carp/eco/v2.webp,138,ACTIVE,BLOCKED_CARDS_VERSION_ID_MISSING,PASS_HTTP_200,200,fab9deaa11ccc12495bf6932a02531f9167778d687780c72387f34d28fdb98fa,YES,1,UNKNOWN_PRODUCTION_DB_UNAVAILABLE,UNKNOWN_PRODUCTION_DB_UNAVAILABLE,UNKNOWN_PRODUCTION_DB_UNAVAILABLE,CLIENT_PENDING,Database/GCS unavailable; cards[] does not expose asset_version_id; exact FishCard-to-version binding is unprovable.,"{""captured_at_asia_shanghai"":""2026-10-09T15:23:09.623153+08:00"",""list_http_status"":200,""detail_http_status"":200,""detail_surface"":""cards[] + knowledge_assets"",""api_role_row_count"":1,""api_species_role_match"":""YES"",""api_card_id"":388,""api_card_status"":""ACTIVE"",""api_card_asset_version_id"":null,""knowledge_asset_version_id"":138,""knowledge_asset_status"":null,""knowledge_asset_image_url"":""/api/v1/fish/knowledge-media/grass_carp/eco/v2.webp"",""public_image_url"":""/api/v1/fish/knowledge-media/grass_carp/eco/v2.webp"",""image_http_status"":200,""image_content_type"":""image/webp"",""image_size_bytes"":413806,""image_sha256"":""fab9deaa11ccc12495bf6932a02531f9167778d687780c72387f34d28fdb98fa"",""evidence_files"":[""production_public_api_snapshot.json"",""production_media_http_snapshot.json""]}",BLOCKED
grass_carp,草鱼,GEAR,UNKNOWN_PRODUCTION_DB_UNAVAILABLE,UNKNOWN_PRODUCTION_DB_UNAVAILABLE,UNKNOWN_PRODUCTION_DB_UNAVAILABLE,UNKNOWN_PRODUCTION_DB_UNAVAILABLE,UNKNOWN_PRODUCTION_DB_UNAVAILABLE,ACTIVE,UNKNOWN_PRODUCTION_DB_UNAVAILABLE,UNKNOWN_PRODUCTION_DB_UNAVAILABLE,14,UNKNOWN_PRODUCTION_GCS_UNAVAILABLE,UNKNOWN_PRODUCTION_GCS_UNAVAILABLE,UNKNOWN_PRODUCTION_GCS_UNAVAILABLE,UNKNOWN_PRODUCTION_GCS_UNAVAILABLE,UNKNOWN_PRODUCTION_GCS_UNAVAILABLE,UNKNOWN_PRODUCTION_GCS_UNAVAILABLE,/api/v1/fish/knowledge-media/grass_carp/gear/gear.webp,,ACTIVE,BLOCKED_CARDS_VERSION_ID_MISSING,PASS_HTTP_200,200,4fe2e1c597d07bdffc1b0b234e6c633c71687afa039d1ac6d48dbc17d0d22e2a,YES,1,UNKNOWN_PRODUCTION_DB_UNAVAILABLE,UNKNOWN_PRODUCTION_DB_UNAVAILABLE,UNKNOWN_PRODUCTION_DB_UNAVAILABLE,CLIENT_PENDING,Database/GCS unavailable; cards[] does not expose asset_version_id; exact FishCard-to-version binding is unprovable.,"{""captured_at_asia_shanghai"":""2026-10-09T15:23:09.623153+08:00"",""list_http_status"":200,""detail_http_status"":200,""detail_surface"":""cards[]"",""api_role_row_count"":1,""api_species_role_match"":""YES"",""api_card_id"":14,""api_card_status"":""ACTIVE"",""api_card_asset_version_id"":null,""knowledge_asset_version_id"":null,""knowledge_asset_status"":null,""knowledge_asset_image_url"":null,""public_image_url"":""/api/v1/fish/knowledge-media/grass_carp/gear/gear.webp"",""image_http_status"":200,""image_content_type"":""image/webp"",""image_size_bytes"":317096,""image_sha256"":""4fe2e1c597d07bdffc1b0b234e6c633c71687afa039d1ac6d48dbc17d0d22e2a"",""evidence_files"":[""production_public_api_snapshot.json"",""production_media_http_snapshot.json""]}",BLOCKED
grass_carp,草鱼,SKILL,UNKNOWN_PRODUCTION_DB_UNAVAILABLE,UNKNOWN_PRODUCTION_DB_UNAVAILABLE,UNKNOWN_PRODUCTION_DB_UNAVAILABLE,UNKNOWN_PRODUCTION_DB_UNAVAILABLE,UNKNOWN_PRODUCTION_DB_UNAVAILABLE,ACTIVE,UNKNOWN_PRODUCTION_DB_UNAVAILABLE,UNKNOWN_PRODUCTION_DB_UNAVAILABLE,15,UNKNOWN_PRODUCTION_GCS_UNAVAILABLE,UNKNOWN_PRODUCTION_GCS_UNAVAILABLE,UNKNOWN_PRODUCTION_GCS_UNAVAILABLE,UNKNOWN_PRODUCTION_GCS_UNAVAILABLE,UNKNOWN_PRODUCTION_GCS_UNAVAILABLE,UNKNOWN_PRODUCTION_GCS_UNAVAILABLE,/api/v1/fish/knowledge-media/grass_carp/skill/skill.webp,,ACTIVE,BLOCKED_CARDS_VERSION_ID_MISSING,PASS_HTTP_200,200,0d9b0633c7057d640945a58ac67a74ada7fa551fb2bd8753feb4c0961ddd4a41,YES,1,UNKNOWN_PRODUCTION_DB_UNAVAILABLE,UNKNOWN_PRODUCTION_DB_UNAVAILABLE,UNKNOWN_PRODUCTION_DB_UNAVAILABLE,CLIENT_PENDING,Database/GCS unavailable; cards[] does not expose asset_version_id; exact FishCard-to-version binding is unprovable.,"{""captured_at_asia_shanghai"":""2026-10-09T15:23:09.623153+08:00"",""list_http_status"":200,""detail_http_status"":200,""detail_surface"":""cards[]"",""api_role_row_count"":1,""api_species_role_match"":""YES"",""api_card_id"":15,""api_card_status"":""ACTIVE"",""api_card_asset_version_id"":null,""knowledge_asset_version_id"":null,""knowledge_asset_status"":null,""knowledge_asset_image_url"":null,""public_image_url"":""/api/v1/fish/knowledge-media/grass_carp/skill/skill.webp"",""image_http_status"":200,""image_content_type"":""image/webp"",""image_size_bytes"":420460,""image_sha256"":""0d9b0633c7057d640945a58ac67a74ada7fa551fb2bd8753feb4c0961ddd4a41"",""evidence_files"":[""production_public_api_snapshot.json"",""production_media_http_snapshot.json""]}",BLOCKED
largemouth_bass,加州鲈,COVER_HERO,UNKNOWN_PRODUCTION_DB_UNAVAILABLE,UNKNOWN_PRODUCTION_DB_UNAVAILABLE,UNKNOWN_PRODUCTION_DB_UNAVAILABLE,UNKNOWN_PRODUCTION_DB_UNAVAILABLE,UNKNOWN_PRODUCTION_DB_UNAVAILABLE,UNKNOWN_NOT_EXPOSED,UNKNOWN_PRODUCTION_DB_UNAVAILABLE,UNKNOWN_PRODUCTION_DB_UNAVAILABLE,,UNKNOWN_PRODUCTION_GCS_UNAVAILABLE,UNKNOWN_PRODUCTION_GCS_UNAVAILABLE,UNKNOWN_PRODUCTION_GCS_UNAVAILABLE,UNKNOWN_PRODUCTION_GCS_UNAVAILABLE,UNKNOWN_PRODUCTION_GCS_UNAVAILABLE,UNKNOWN_PRODUCTION_GCS_UNAVAILABLE,,,UNKNOWN_NOT_EXPOSED,BLOCKED_LIST_DETAIL_VERSION_FIELDS_MISSING,NO_PUBLIC_URL_FIELD,,,API_FIELDS_ABSENT,0,UNKNOWN_PRODUCTION_DB_UNAVAILABLE,UNKNOWN_PRODUCTION_DB_UNAVAILABLE,UNKNOWN_PRODUCTION_DB_UNAVAILABLE,CLIENT_PENDING,Database/GCS unavailable; public list and detail expose no COVER_HERO URL/version/status.,"{""captured_at_asia_shanghai"":""2026-10-09T15:23:09.623153+08:00"",""list_http_status"":200,""detail_http_status"":200,""detail_surface"":""detail.cover_hero_*"",""api_role_row_count"":0,""api_species_role_match"":""API_FIELDS_ABSENT"",""api_card_id"":"""",""api_card_status"":null,""api_card_asset_version_id"":null,""knowledge_asset_version_id"":null,""knowledge_asset_status"":null,""knowledge_asset_image_url"":null,""public_image_url"":null,""image_http_status"":null,""image_content_type"":null,""image_size_bytes"":null,""image_sha256"":null,""evidence_files"":[""production_public_api_snapshot.json"",""production_media_http_snapshot.json""]}",BLOCKED
largemouth_bass,加州鲈,HERO,UNKNOWN_PRODUCTION_DB_UNAVAILABLE,UNKNOWN_PRODUCTION_DB_UNAVAILABLE,UNKNOWN_PRODUCTION_DB_UNAVAILABLE,UNKNOWN_PRODUCTION_DB_UNAVAILABLE,UNKNOWN_PRODUCTION_DB_UNAVAILABLE,ACTIVE,UNKNOWN_PRODUCTION_DB_UNAVAILABLE,UNKNOWN_PRODUCTION_DB_UNAVAILABLE,46,UNKNOWN_PRODUCTION_GCS_UNAVAILABLE,UNKNOWN_PRODUCTION_GCS_UNAVAILABLE,UNKNOWN_PRODUCTION_GCS_UNAVAILABLE,UNKNOWN_PRODUCTION_GCS_UNAVAILABLE,UNKNOWN_PRODUCTION_GCS_UNAVAILABLE,UNKNOWN_PRODUCTION_GCS_UNAVAILABLE,/api/v1/fish/knowledge-media/largemouth_bass/hero/v1.webp,,ACTIVE,BLOCKED_CARDS_VERSION_ID_MISSING,FAIL_HTTP_404,404,,YES,1,UNKNOWN_PRODUCTION_DB_UNAVAILABLE,UNKNOWN_PRODUCTION_DB_UNAVAILABLE,UNKNOWN_PRODUCTION_DB_UNAVAILABLE,CLIENT_PENDING,Database/GCS unavailable; cards[] does not expose asset_version_id; exact FishCard-to-version binding is unprovable. The returned public image URL responded HTTP 404; this does not prove the GCS object is absent.,"{""captured_at_asia_shanghai"":""2026-10-09T15:23:09.623153+08:00"",""list_http_status"":200,""detail_http_status"":200,""detail_surface"":""cards[]"",""api_role_row_count"":1,""api_species_role_match"":""YES"",""api_card_id"":46,""api_card_status"":""ACTIVE"",""api_card_asset_version_id"":null,""knowledge_asset_version_id"":null,""knowledge_asset_status"":null,""knowledge_asset_image_url"":null,""public_image_url"":""/api/v1/fish/knowledge-media/largemouth_bass/hero/v1.webp"",""image_http_status"":404,""image_content_type"":null,""image_size_bytes"":null,""image_sha256"":null,""evidence_files"":[""production_public_api_snapshot.json"",""production_media_http_snapshot.json""]}",BLOCKED
largemouth_bass,加州鲈,IDENTIFICATION,UNKNOWN_PRODUCTION_DB_UNAVAILABLE,UNKNOWN_PRODUCTION_DB_UNAVAILABLE,UNKNOWN_PRODUCTION_DB_UNAVAILABLE,UNKNOWN_PRODUCTION_DB_UNAVAILABLE,UNKNOWN_PRODUCTION_DB_UNAVAILABLE,ACTIVE,UNKNOWN_PRODUCTION_DB_UNAVAILABLE,UNKNOWN_PRODUCTION_DB_UNAVAILABLE,47,UNKNOWN_PRODUCTION_GCS_UNAVAILABLE,UNKNOWN_PRODUCTION_GCS_UNAVAILABLE,UNKNOWN_PRODUCTION_GCS_UNAVAILABLE,UNKNOWN_PRODUCTION_GCS_UNAVAILABLE,UNKNOWN_PRODUCTION_GCS_UNAVAILABLE,UNKNOWN_PRODUCTION_GCS_UNAVAILABLE,/api/v1/fish/knowledge-media/largemouth_bass/identification/v1.webp,,ACTIVE,BLOCKED_CARDS_VERSION_ID_MISSING,FAIL_HTTP_404,404,,YES,1,UNKNOWN_PRODUCTION_DB_UNAVAILABLE,UNKNOWN_PRODUCTION_DB_UNAVAILABLE,UNKNOWN_PRODUCTION_DB_UNAVAILABLE,CLIENT_PENDING,Database/GCS unavailable; cards[] does not expose asset_version_id; exact FishCard-to-version binding is unprovable. The returned public image URL responded HTTP 404; this does not prove the GCS object is absent.,"{""captured_at_asia_shanghai"":""2026-10-09T15:23:09.623153+08:00"",""list_http_status"":200,""detail_http_status"":200,""detail_surface"":""cards[]"",""api_role_row_count"":1,""api_species_role_match"":""YES"",""api_card_id"":47,""api_card_status"":""ACTIVE"",""api_card_asset_version_id"":null,""knowledge_asset_version_id"":null,""knowledge_asset_status"":null,""knowledge_asset_image_url"":null,""public_image_url"":""/api/v1/fish/knowledge-media/largemouth_bass/identification/v1.webp"",""image_http_status"":404,""image_content_type"":null,""image_size_bytes"":null,""image_sha256"":null,""evidence_files"":[""production_public_api_snapshot.json"",""production_media_http_snapshot.json""]}",BLOCKED
largemouth_bass,加州鲈,ECO,UNKNOWN_PRODUCTION_DB_UNAVAILABLE,UNKNOWN_PRODUCTION_DB_UNAVAILABLE,UNKNOWN_PRODUCTION_DB_UNAVAILABLE,UNKNOWN_PRODUCTION_DB_UNAVAILABLE,UNKNOWN_PRODUCTION_DB_UNAVAILABLE,ACTIVE,UNKNOWN_PRODUCTION_DB_UNAVAILABLE,UNKNOWN_PRODUCTION_DB_UNAVAILABLE,48,UNKNOWN_PRODUCTION_GCS_UNAVAILABLE,UNKNOWN_PRODUCTION_GCS_UNAVAILABLE,UNKNOWN_PRODUCTION_GCS_UNAVAILABLE,UNKNOWN_PRODUCTION_GCS_UNAVAILABLE,UNKNOWN_PRODUCTION_GCS_UNAVAILABLE,UNKNOWN_PRODUCTION_GCS_UNAVAILABLE,/api/v1/fish/knowledge-media/largemouth_bass/eco/v1.webp,,ACTIVE,BLOCKED_CARDS_VERSION_ID_MISSING,FAIL_HTTP_404,404,,YES,1,UNKNOWN_PRODUCTION_DB_UNAVAILABLE,UNKNOWN_PRODUCTION_DB_UNAVAILABLE,UNKNOWN_PRODUCTION_DB_UNAVAILABLE,CLIENT_PENDING,Database/GCS unavailable; cards[] does not expose asset_version_id; exact FishCard-to-version binding is unprovable. The returned public image URL responded HTTP 404; this does not prove the GCS object is absent.,"{""captured_at_asia_shanghai"":""2026-10-09T15:23:09.623153+08:00"",""list_http_status"":200,""detail_http_status"":200,""detail_surface"":""cards[]"",""api_role_row_count"":1,""api_species_role_match"":""YES"",""api_card_id"":48,""api_card_status"":""ACTIVE"",""api_card_asset_version_id"":null,""knowledge_asset_version_id"":null,""knowledge_asset_status"":null,""knowledge_asset_image_url"":null,""public_image_url"":""/api/v1/fish/knowledge-media/largemouth_bass/eco/v1.webp"",""image_http_status"":404,""image_content_type"":null,""image_size_bytes"":null,""image_sha256"":null,""evidence_files"":[""production_public_api_snapshot.json"",""production_media_http_snapshot.json""]}",BLOCKED
largemouth_bass,加州鲈,GEAR,UNKNOWN_PRODUCTION_DB_UNAVAILABLE,UNKNOWN_PRODUCTION_DB_UNAVAILABLE,UNKNOWN_PRODUCTION_DB_UNAVAILABLE,UNKNOWN_PRODUCTION_DB_UNAVAILABLE,UNKNOWN_PRODUCTION_DB_UNAVAILABLE,ACTIVE,UNKNOWN_PRODUCTION_DB_UNAVAILABLE,UNKNOWN_PRODUCTION_DB_UNAVAILABLE,49,UNKNOWN_PRODUCTION_GCS_UNAVAILABLE,UNKNOWN_PRODUCTION_GCS_UNAVAILABLE,UNKNOWN_PRODUCTION_GCS_UNAVAILABLE,UNKNOWN_PRODUCTION_GCS_UNAVAILABLE,UNKNOWN_PRODUCTION_GCS_UNAVAILABLE,UNKNOWN_PRODUCTION_GCS_UNAVAILABLE,/api/v1/fish/knowledge-media/largemouth_bass/gear/v1.webp,,ACTIVE,BLOCKED_CARDS_VERSION_ID_MISSING,FAIL_HTTP_404,404,,YES,1,UNKNOWN_PRODUCTION_DB_UNAVAILABLE,UNKNOWN_PRODUCTION_DB_UNAVAILABLE,UNKNOWN_PRODUCTION_DB_UNAVAILABLE,CLIENT_PENDING,Database/GCS unavailable; cards[] does not expose asset_version_id; exact FishCard-to-version binding is unprovable. The returned public image URL responded HTTP 404; this does not prove the GCS object is absent.,"{""captured_at_asia_shanghai"":""2026-10-09T15:23:09.623153+08:00"",""list_http_status"":200,""detail_http_status"":200,""detail_surface"":""cards[]"",""api_role_row_count"":1,""api_species_role_match"":""YES"",""api_card_id"":49,""api_card_status"":""ACTIVE"",""api_card_asset_version_id"":null,""knowledge_asset_version_id"":null,""knowledge_asset_status"":null,""knowledge_asset_image_url"":null,""public_image_url"":""/api/v1/fish/knowledge-media/largemouth_bass/gear/v1.webp"",""image_http_status"":404,""image_content_type"":null,""image_size_bytes"":null,""image_sha256"":null,""evidence_files"":[""production_public_api_snapshot.json"",""production_media_http_snapshot.json""]}",BLOCKED
largemouth_bass,加州鲈,SKILL,UNKNOWN_PRODUCTION_DB_UNAVAILABLE,UNKNOWN_PRODUCTION_DB_UNAVAILABLE,UNKNOWN_PRODUCTION_DB_UNAVAILABLE,UNKNOWN_PRODUCTION_DB_UNAVAILABLE,UNKNOWN_PRODUCTION_DB_UNAVAILABLE,ACTIVE,UNKNOWN_PRODUCTION_DB_UNAVAILABLE,UNKNOWN_PRODUCTION_DB_UNAVAILABLE,50,UNKNOWN_PRODUCTION_GCS_UNAVAILABLE,UNKNOWN_PRODUCTION_GCS_UNAVAILABLE,UNKNOWN_PRODUCTION_GCS_UNAVAILABLE,UNKNOWN_PRODUCTION_GCS_UNAVAILABLE,UNKNOWN_PRODUCTION_GCS_UNAVAILABLE,UNKNOWN_PRODUCTION_GCS_UNAVAILABLE,/api/v1/fish/knowledge-media/largemouth_bass/skill/v1.webp,,ACTIVE,BLOCKED_CARDS_VERSION_ID_MISSING,FAIL_HTTP_404,404,,YES,1,UNKNOWN_PRODUCTION_DB_UNAVAILABLE,UNKNOWN_PRODUCTION_DB_UNAVAILABLE,UNKNOWN_PRODUCTION_DB_UNAVAILABLE,CLIENT_PENDING,Database/GCS unavailable; cards[] does not expose asset_version_id; exact FishCard-to-version binding is unprovable. The returned public image URL responded HTTP 404; this does not prove the GCS object is absent.,"{""captured_at_asia_shanghai"":""2026-10-09T15:23:09.623153+08:00"",""list_http_status"":200,""detail_http_status"":200,""detail_surface"":""cards[]"",""api_role_row_count"":1,""api_species_role_match"":""YES"",""api_card_id"":50,""api_card_status"":""ACTIVE"",""api_card_asset_version_id"":null,""knowledge_asset_version_id"":null,""knowledge_asset_status"":null,""knowledge_asset_image_url"":null,""public_image_url"":""/api/v1/fish/knowledge-media/largemouth_bass/skill/v1.webp"",""image_http_status"":404,""image_content_type"":null,""image_size_bytes"":null,""image_sha256"":null,""evidence_files"":[""production_public_api_snapshot.json"",""production_media_http_snapshot.json""]}",BLOCKED
mandarin_fish,鳜鱼,COVER_HERO,UNKNOWN_PRODUCTION_DB_UNAVAILABLE,UNKNOWN_PRODUCTION_DB_UNAVAILABLE,UNKNOWN_PRODUCTION_DB_UNAVAILABLE,UNKNOWN_PRODUCTION_DB_UNAVAILABLE,UNKNOWN_PRODUCTION_DB_UNAVAILABLE,UNKNOWN_NOT_EXPOSED,UNKNOWN_PRODUCTION_DB_UNAVAILABLE,UNKNOWN_PRODUCTION_DB_UNAVAILABLE,,UNKNOWN_PRODUCTION_GCS_UNAVAILABLE,UNKNOWN_PRODUCTION_GCS_UNAVAILABLE,UNKNOWN_PRODUCTION_GCS_UNAVAILABLE,UNKNOWN_PRODUCTION_GCS_UNAVAILABLE,UNKNOWN_PRODUCTION_GCS_UNAVAILABLE,UNKNOWN_PRODUCTION_GCS_UNAVAILABLE,,,UNKNOWN_NOT_EXPOSED,BLOCKED_LIST_DETAIL_VERSION_FIELDS_MISSING,NO_PUBLIC_URL_FIELD,,,API_FIELDS_ABSENT,0,UNKNOWN_PRODUCTION_DB_UNAVAILABLE,UNKNOWN_PRODUCTION_DB_UNAVAILABLE,UNKNOWN_PRODUCTION_DB_UNAVAILABLE,CLIENT_PENDING,Database/GCS unavailable; public list and detail expose no COVER_HERO URL/version/status.,"{""captured_at_asia_shanghai"":""2026-10-09T15:23:09.623153+08:00"",""list_http_status"":200,""detail_http_status"":200,""detail_surface"":""detail.cover_hero_*"",""api_role_row_count"":0,""api_species_role_match"":""API_FIELDS_ABSENT"",""api_card_id"":"""",""api_card_status"":null,""api_card_asset_version_id"":null,""knowledge_asset_version_id"":null,""knowledge_asset_status"":null,""knowledge_asset_image_url"":null,""public_image_url"":null,""image_http_status"":null,""image_content_type"":null,""image_size_bytes"":null,""image_sha256"":null,""evidence_files"":[""production_public_api_snapshot.json"",""production_media_http_snapshot.json""]}",BLOCKED
mandarin_fish,鳜鱼,HERO,UNKNOWN_PRODUCTION_DB_UNAVAILABLE,UNKNOWN_PRODUCTION_DB_UNAVAILABLE,UNKNOWN_PRODUCTION_DB_UNAVAILABLE,UNKNOWN_PRODUCTION_DB_UNAVAILABLE,UNKNOWN_PRODUCTION_DB_UNAVAILABLE,ACTIVE,UNKNOWN_PRODUCTION_DB_UNAVAILABLE,UNKNOWN_PRODUCTION_DB_UNAVAILABLE,31,UNKNOWN_PRODUCTION_GCS_UNAVAILABLE,UNKNOWN_PRODUCTION_GCS_UNAVAILABLE,UNKNOWN_PRODUCTION_GCS_UNAVAILABLE,UNKNOWN_PRODUCTION_GCS_UNAVAILABLE,UNKNOWN_PRODUCTION_GCS_UNAVAILABLE,UNKNOWN_PRODUCTION_GCS_UNAVAILABLE,/api/v1/fish/knowledge-media/mandarin_fish/hero/v1.webp,,ACTIVE,BLOCKED_CARDS_VERSION_ID_MISSING,FAIL_HTTP_404,404,,YES,1,UNKNOWN_PRODUCTION_DB_UNAVAILABLE,UNKNOWN_PRODUCTION_DB_UNAVAILABLE,UNKNOWN_PRODUCTION_DB_UNAVAILABLE,CLIENT_PENDING,Database/GCS unavailable; cards[] does not expose asset_version_id; exact FishCard-to-version binding is unprovable. The returned public image URL responded HTTP 404; this does not prove the GCS object is absent.,"{""captured_at_asia_shanghai"":""2026-10-09T15:23:09.623153+08:00"",""list_http_status"":200,""detail_http_status"":200,""detail_surface"":""cards[]"",""api_role_row_count"":1,""api_species_role_match"":""YES"",""api_card_id"":31,""api_card_status"":""ACTIVE"",""api_card_asset_version_id"":null,""knowledge_asset_version_id"":null,""knowledge_asset_status"":null,""knowledge_asset_image_url"":null,""public_image_url"":""/api/v1/fish/knowledge-media/mandarin_fish/hero/v1.webp"",""image_http_status"":404,""image_content_type"":null,""image_size_bytes"":null,""image_sha256"":null,""evidence_files"":[""production_public_api_snapshot.json"",""production_media_http_snapshot.json""]}",BLOCKED
mandarin_fish,鳜鱼,IDENTIFICATION,UNKNOWN_PRODUCTION_DB_UNAVAILABLE,UNKNOWN_PRODUCTION_DB_UNAVAILABLE,UNKNOWN_PRODUCTION_DB_UNAVAILABLE,UNKNOWN_PRODUCTION_DB_UNAVAILABLE,UNKNOWN_PRODUCTION_DB_UNAVAILABLE,ACTIVE,UNKNOWN_PRODUCTION_DB_UNAVAILABLE,UNKNOWN_PRODUCTION_DB_UNAVAILABLE,32,UNKNOWN_PRODUCTION_GCS_UNAVAILABLE,UNKNOWN_PRODUCTION_GCS_UNAVAILABLE,UNKNOWN_PRODUCTION_GCS_UNAVAILABLE,UNKNOWN_PRODUCTION_GCS_UNAVAILABLE,UNKNOWN_PRODUCTION_GCS_UNAVAILABLE,UNKNOWN_PRODUCTION_GCS_UNAVAILABLE,/api/v1/fish/knowledge-media/mandarin_fish/identification/v1.webp,,ACTIVE,BLOCKED_CARDS_VERSION_ID_MISSING,FAIL_HTTP_404,404,,YES,1,UNKNOWN_PRODUCTION_DB_UNAVAILABLE,UNKNOWN_PRODUCTION_DB_UNAVAILABLE,UNKNOWN_PRODUCTION_DB_UNAVAILABLE,CLIENT_PENDING,Database/GCS unavailable; cards[] does not expose asset_version_id; exact FishCard-to-version binding is unprovable. The returned public image URL responded HTTP 404; this does not prove the GCS object is absent.,"{""captured_at_asia_shanghai"":""2026-10-09T15:23:09.623153+08:00"",""list_http_status"":200,""detail_http_status"":200,""detail_surface"":""cards[]"",""api_role_row_count"":1,""api_species_role_match"":""YES"",""api_card_id"":32,""api_card_status"":""ACTIVE"",""api_card_asset_version_id"":null,""knowledge_asset_version_id"":null,""knowledge_asset_status"":null,""knowledge_asset_image_url"":null,""public_image_url"":""/api/v1/fish/knowledge-media/mandarin_fish/identification/v1.webp"",""image_http_status"":404,""image_content_type"":null,""image_size_bytes"":null,""image_sha256"":null,""evidence_files"":[""production_public_api_snapshot.json"",""production_media_http_snapshot.json""]}",BLOCKED
mandarin_fish,鳜鱼,ECO,UNKNOWN_PRODUCTION_DB_UNAVAILABLE,UNKNOWN_PRODUCTION_DB_UNAVAILABLE,UNKNOWN_PRODUCTION_DB_UNAVAILABLE,UNKNOWN_PRODUCTION_DB_UNAVAILABLE,UNKNOWN_PRODUCTION_DB_UNAVAILABLE,ACTIVE,UNKNOWN_PRODUCTION_DB_UNAVAILABLE,UNKNOWN_PRODUCTION_DB_UNAVAILABLE,33,UNKNOWN_PRODUCTION_GCS_UNAVAILABLE,UNKNOWN_PRODUCTION_GCS_UNAVAILABLE,UNKNOWN_PRODUCTION_GCS_UNAVAILABLE,UNKNOWN_PRODUCTION_GCS_UNAVAILABLE,UNKNOWN_PRODUCTION_GCS_UNAVAILABLE,UNKNOWN_PRODUCTION_GCS_UNAVAILABLE,/api/v1/fish/knowledge-media/mandarin_fish/eco/v1.webp,,ACTIVE,BLOCKED_CARDS_VERSION_ID_MISSING,FAIL_HTTP_404,404,,YES,1,UNKNOWN_PRODUCTION_DB_UNAVAILABLE,UNKNOWN_PRODUCTION_DB_UNAVAILABLE,UNKNOWN_PRODUCTION_DB_UNAVAILABLE,CLIENT_PENDING,Database/GCS unavailable; cards[] does not expose asset_version_id; exact FishCard-to-version binding is unprovable. The returned public image URL responded HTTP 404; this does not prove the GCS object is absent.,"{""captured_at_asia_shanghai"":""2026-10-09T15:23:09.623153+08:00"",""list_http_status"":200,""detail_http_status"":200,""detail_surface"":""cards[]"",""api_role_row_count"":1,""api_species_role_match"":""YES"",""api_card_id"":33,""api_card_status"":""ACTIVE"",""api_card_asset_version_id"":null,""knowledge_asset_version_id"":null,""knowledge_asset_status"":null,""knowledge_asset_image_url"":null,""public_image_url"":""/api/v1/fish/knowledge-media/mandarin_fish/eco/v1.webp"",""image_http_status"":404,""image_content_type"":null,""image_size_bytes"":null,""image_sha256"":null,""evidence_files"":[""production_public_api_snapshot.json"",""production_media_http_snapshot.json""]}",BLOCKED
mandarin_fish,鳜鱼,GEAR,UNKNOWN_PRODUCTION_DB_UNAVAILABLE,UNKNOWN_PRODUCTION_DB_UNAVAILABLE,UNKNOWN_PRODUCTION_DB_UNAVAILABLE,UNKNOWN_PRODUCTION_DB_UNAVAILABLE,UNKNOWN_PRODUCTION_DB_UNAVAILABLE,ACTIVE,UNKNOWN_PRODUCTION_DB_UNAVAILABLE,UNKNOWN_PRODUCTION_DB_UNAVAILABLE,34,UNKNOWN_PRODUCTION_GCS_UNAVAILABLE,UNKNOWN_PRODUCTION_GCS_UNAVAILABLE,UNKNOWN_PRODUCTION_GCS_UNAVAILABLE,UNKNOWN_PRODUCTION_GCS_UNAVAILABLE,UNKNOWN_PRODUCTION_GCS_UNAVAILABLE,UNKNOWN_PRODUCTION_GCS_UNAVAILABLE,/api/v1/fish/knowledge-media/mandarin_fish/gear/v1.webp,,ACTIVE,BLOCKED_CARDS_VERSION_ID_MISSING,FAIL_HTTP_404,404,,YES,1,UNKNOWN_PRODUCTION_DB_UNAVAILABLE,UNKNOWN_PRODUCTION_DB_UNAVAILABLE,UNKNOWN_PRODUCTION_DB_UNAVAILABLE,CLIENT_PENDING,Database/GCS unavailable; cards[] does not expose asset_version_id; exact FishCard-to-version binding is unprovable. The returned public image URL responded HTTP 404; this does not prove the GCS object is absent.,"{""captured_at_asia_shanghai"":""2026-10-09T15:23:09.623153+08:00"",""list_http_status"":200,""detail_http_status"":200,""detail_surface"":""cards[]"",""api_role_row_count"":1,""api_species_role_match"":""YES"",""api_card_id"":34,""api_card_status"":""ACTIVE"",""api_card_asset_version_id"":null,""knowledge_asset_version_id"":null,""knowledge_asset_status"":null,""knowledge_asset_image_url"":null,""public_image_url"":""/api/v1/fish/knowledge-media/mandarin_fish/gear/v1.webp"",""image_http_status"":404,""image_content_type"":null,""image_size_bytes"":null,""image_sha256"":null,""evidence_files"":[""production_public_api_snapshot.json"",""production_media_http_snapshot.json""]}",BLOCKED
mandarin_fish,鳜鱼,SKILL,UNKNOWN_PRODUCTION_DB_UNAVAILABLE,UNKNOWN_PRODUCTION_DB_UNAVAILABLE,UNKNOWN_PRODUCTION_DB_UNAVAILABLE,UNKNOWN_PRODUCTION_DB_UNAVAILABLE,UNKNOWN_PRODUCTION_DB_UNAVAILABLE,ACTIVE,UNKNOWN_PRODUCTION_DB_UNAVAILABLE,UNKNOWN_PRODUCTION_DB_UNAVAILABLE,35,UNKNOWN_PRODUCTION_GCS_UNAVAILABLE,UNKNOWN_PRODUCTION_GCS_UNAVAILABLE,UNKNOWN_PRODUCTION_GCS_UNAVAILABLE,UNKNOWN_PRODUCTION_GCS_UNAVAILABLE,UNKNOWN_PRODUCTION_GCS_UNAVAILABLE,UNKNOWN_PRODUCTION_GCS_UNAVAILABLE,/api/v1/fish/knowledge-media/mandarin_fish/skill/v1.webp,,ACTIVE,BLOCKED_CARDS_VERSION_ID_MISSING,FAIL_HTTP_404,404,,YES,1,UNKNOWN_PRODUCTION_DB_UNAVAILABLE,UNKNOWN_PRODUCTION_DB_UNAVAILABLE,UNKNOWN_PRODUCTION_DB_UNAVAILABLE,CLIENT_PENDING,Database/GCS unavailable; cards[] does not expose asset_version_id; exact FishCard-to-version binding is unprovable. The returned public image URL responded HTTP 404; this does not prove the GCS object is absent.,"{""captured_at_asia_shanghai"":""2026-10-09T15:23:09.623153+08:00"",""list_http_status"":200,""detail_http_status"":200,""detail_surface"":""cards[]"",""api_role_row_count"":1,""api_species_role_match"":""YES"",""api_card_id"":35,""api_card_status"":""ACTIVE"",""api_card_asset_version_id"":null,""knowledge_asset_version_id"":null,""knowledge_asset_status"":null,""knowledge_asset_image_url"":null,""public_image_url"":""/api/v1/fish/knowledge-media/mandarin_fish/skill/v1.webp"",""image_http_status"":404,""image_content_type"":null,""image_size_bytes"":null,""image_sha256"":null,""evidence_files"":[""production_public_api_snapshot.json"",""production_media_http_snapshot.json""]}",BLOCKED
mud_carp,鲮鱼,COVER_HERO,UNKNOWN_PRODUCTION_DB_UNAVAILABLE,UNKNOWN_PRODUCTION_DB_UNAVAILABLE,UNKNOWN_PRODUCTION_DB_UNAVAILABLE,UNKNOWN_PRODUCTION_DB_UNAVAILABLE,UNKNOWN_PRODUCTION_DB_UNAVAILABLE,UNKNOWN_NOT_EXPOSED,UNKNOWN_PRODUCTION_DB_UNAVAILABLE,UNKNOWN_PRODUCTION_DB_UNAVAILABLE,,UNKNOWN_PRODUCTION_GCS_UNAVAILABLE,UNKNOWN_PRODUCTION_GCS_UNAVAILABLE,UNKNOWN_PRODUCTION_GCS_UNAVAILABLE,UNKNOWN_PRODUCTION_GCS_UNAVAILABLE,UNKNOWN_PRODUCTION_GCS_UNAVAILABLE,UNKNOWN_PRODUCTION_GCS_UNAVAILABLE,,,UNKNOWN_NOT_EXPOSED,BLOCKED_LIST_DETAIL_VERSION_FIELDS_MISSING,NO_PUBLIC_URL_FIELD,,,API_FIELDS_ABSENT,0,UNKNOWN_PRODUCTION_DB_UNAVAILABLE,UNKNOWN_PRODUCTION_DB_UNAVAILABLE,UNKNOWN_PRODUCTION_DB_UNAVAILABLE,CLIENT_PENDING,Database/GCS unavailable; public list and detail expose no COVER_HERO URL/version/status.,"{""captured_at_asia_shanghai"":""2026-10-09T15:23:09.623153+08:00"",""list_http_status"":200,""detail_http_status"":200,""detail_surface"":""detail.cover_hero_*"",""api_role_row_count"":0,""api_species_role_match"":""API_FIELDS_ABSENT"",""api_card_id"":"""",""api_card_status"":null,""api_card_asset_version_id"":null,""knowledge_asset_version_id"":null,""knowledge_asset_status"":null,""knowledge_asset_image_url"":null,""public_image_url"":null,""image_http_status"":null,""image_content_type"":null,""image_size_bytes"":null,""image_sha256"":null,""evidence_files"":[""production_public_api_snapshot.json"",""production_media_http_snapshot.json""]}",BLOCKED
mud_carp,鲮鱼,HERO,UNKNOWN_PRODUCTION_DB_UNAVAILABLE,UNKNOWN_PRODUCTION_DB_UNAVAILABLE,UNKNOWN_PRODUCTION_DB_UNAVAILABLE,UNKNOWN_PRODUCTION_DB_UNAVAILABLE,UNKNOWN_PRODUCTION_DB_UNAVAILABLE,ACTIVE,UNKNOWN_PRODUCTION_DB_UNAVAILABLE,UNKNOWN_PRODUCTION_DB_UNAVAILABLE,236,UNKNOWN_PRODUCTION_GCS_UNAVAILABLE,UNKNOWN_PRODUCTION_GCS_UNAVAILABLE,UNKNOWN_PRODUCTION_GCS_UNAVAILABLE,UNKNOWN_PRODUCTION_GCS_UNAVAILABLE,UNKNOWN_PRODUCTION_GCS_UNAVAILABLE,UNKNOWN_PRODUCTION_GCS_UNAVAILABLE,/api/v1/fish/knowledge-media/mud_carp/hero/v1.webp,,ACTIVE,BLOCKED_CARDS_VERSION_ID_MISSING,FAIL_HTTP_404,404,,YES,1,UNKNOWN_PRODUCTION_DB_UNAVAILABLE,UNKNOWN_PRODUCTION_DB_UNAVAILABLE,UNKNOWN_PRODUCTION_DB_UNAVAILABLE,CLIENT_PENDING,Database/GCS unavailable; cards[] does not expose asset_version_id; exact FishCard-to-version binding is unprovable. The returned public image URL responded HTTP 404; this does not prove the GCS object is absent.,"{""captured_at_asia_shanghai"":""2026-10-09T15:23:09.623153+08:00"",""list_http_status"":200,""detail_http_status"":200,""detail_surface"":""cards[]"",""api_role_row_count"":1,""api_species_role_match"":""YES"",""api_card_id"":236,""api_card_status"":""ACTIVE"",""api_card_asset_version_id"":null,""knowledge_asset_version_id"":null,""knowledge_asset_status"":null,""knowledge_asset_image_url"":null,""public_image_url"":""/api/v1/fish/knowledge-media/mud_carp/hero/v1.webp"",""image_http_status"":404,""image_content_type"":null,""image_size_bytes"":null,""image_sha256"":null,""evidence_files"":[""production_public_api_snapshot.json"",""production_media_http_snapshot.json""]}",BLOCKED
mud_carp,鲮鱼,IDENTIFICATION,UNKNOWN_PRODUCTION_DB_UNAVAILABLE,UNKNOWN_PRODUCTION_DB_UNAVAILABLE,UNKNOWN_PRODUCTION_DB_UNAVAILABLE,UNKNOWN_PRODUCTION_DB_UNAVAILABLE,UNKNOWN_PRODUCTION_DB_UNAVAILABLE,ACTIVE,UNKNOWN_PRODUCTION_DB_UNAVAILABLE,UNKNOWN_PRODUCTION_DB_UNAVAILABLE,237,UNKNOWN_PRODUCTION_GCS_UNAVAILABLE,UNKNOWN_PRODUCTION_GCS_UNAVAILABLE,UNKNOWN_PRODUCTION_GCS_UNAVAILABLE,UNKNOWN_PRODUCTION_GCS_UNAVAILABLE,UNKNOWN_PRODUCTION_GCS_UNAVAILABLE,UNKNOWN_PRODUCTION_GCS_UNAVAILABLE,/api/v1/fish/knowledge-media/mud_carp/identification/v1.webp,,ACTIVE,BLOCKED_CARDS_VERSION_ID_MISSING,FAIL_HTTP_404,404,,YES,1,UNKNOWN_PRODUCTION_DB_UNAVAILABLE,UNKNOWN_PRODUCTION_DB_UNAVAILABLE,UNKNOWN_PRODUCTION_DB_UNAVAILABLE,CLIENT_PENDING,Database/GCS unavailable; cards[] does not expose asset_version_id; exact FishCard-to-version binding is unprovable. The returned public image URL responded HTTP 404; this does not prove the GCS object is absent.,"{""captured_at_asia_shanghai"":""2026-10-09T15:23:09.623153+08:00"",""list_http_status"":200,""detail_http_status"":200,""detail_surface"":""cards[]"",""api_role_row_count"":1,""api_species_role_match"":""YES"",""api_card_id"":237,""api_card_status"":""ACTIVE"",""api_card_asset_version_id"":null,""knowledge_asset_version_id"":null,""knowledge_asset_status"":null,""knowledge_asset_image_url"":null,""public_image_url"":""/api/v1/fish/knowledge-media/mud_carp/identification/v1.webp"",""image_http_status"":404,""image_content_type"":null,""image_size_bytes"":null,""image_sha256"":null,""evidence_files"":[""production_public_api_snapshot.json"",""production_media_http_snapshot.json""]}",BLOCKED
mud_carp,鲮鱼,ECO,UNKNOWN_PRODUCTION_DB_UNAVAILABLE,UNKNOWN_PRODUCTION_DB_UNAVAILABLE,UNKNOWN_PRODUCTION_DB_UNAVAILABLE,UNKNOWN_PRODUCTION_DB_UNAVAILABLE,UNKNOWN_PRODUCTION_DB_UNAVAILABLE,ACTIVE,UNKNOWN_PRODUCTION_DB_UNAVAILABLE,UNKNOWN_PRODUCTION_DB_UNAVAILABLE,238,UNKNOWN_PRODUCTION_GCS_UNAVAILABLE,UNKNOWN_PRODUCTION_GCS_UNAVAILABLE,UNKNOWN_PRODUCTION_GCS_UNAVAILABLE,UNKNOWN_PRODUCTION_GCS_UNAVAILABLE,UNKNOWN_PRODUCTION_GCS_UNAVAILABLE,UNKNOWN_PRODUCTION_GCS_UNAVAILABLE,/api/v1/fish/knowledge-media/mud_carp/eco/v1.webp,,ACTIVE,BLOCKED_CARDS_VERSION_ID_MISSING,FAIL_HTTP_404,404,,YES,1,UNKNOWN_PRODUCTION_DB_UNAVAILABLE,UNKNOWN_PRODUCTION_DB_UNAVAILABLE,UNKNOWN_PRODUCTION_DB_UNAVAILABLE,CLIENT_PENDING,Database/GCS unavailable; cards[] does not expose asset_version_id; exact FishCard-to-version binding is unprovable. The returned public image URL responded HTTP 404; this does not prove the GCS object is absent.,"{""captured_at_asia_shanghai"":""2026-10-09T15:23:09.623153+08:00"",""list_http_status"":200,""detail_http_status"":200,""detail_surface"":""cards[]"",""api_role_row_count"":1,""api_species_role_match"":""YES"",""api_card_id"":238,""api_card_status"":""ACTIVE"",""api_card_asset_version_id"":null,""knowledge_asset_version_id"":null,""knowledge_asset_status"":null,""knowledge_asset_image_url"":null,""public_image_url"":""/api/v1/fish/knowledge-media/mud_carp/eco/v1.webp"",""image_http_status"":404,""image_content_type"":null,""image_size_bytes"":null,""image_sha256"":null,""evidence_files"":[""production_public_api_snapshot.json"",""production_media_http_snapshot.json""]}",BLOCKED
mud_carp,鲮鱼,GEAR,UNKNOWN_PRODUCTION_DB_UNAVAILABLE,UNKNOWN_PRODUCTION_DB_UNAVAILABLE,UNKNOWN_PRODUCTION_DB_UNAVAILABLE,UNKNOWN_PRODUCTION_DB_UNAVAILABLE,UNKNOWN_PRODUCTION_DB_UNAVAILABLE,ACTIVE,UNKNOWN_PRODUCTION_DB_UNAVAILABLE,UNKNOWN_PRODUCTION_DB_UNAVAILABLE,239,UNKNOWN_PRODUCTION_GCS_UNAVAILABLE,UNKNOWN_PRODUCTION_GCS_UNAVAILABLE,UNKNOWN_PRODUCTION_GCS_UNAVAILABLE,UNKNOWN_PRODUCTION_GCS_UNAVAILABLE,UNKNOWN_PRODUCTION_GCS_UNAVAILABLE,UNKNOWN_PRODUCTION_GCS_UNAVAILABLE,/api/v1/fish/knowledge-media/mud_carp/gear/v1.webp,,ACTIVE,BLOCKED_CARDS_VERSION_ID_MISSING,FAIL_HTTP_404,404,,YES,1,UNKNOWN_PRODUCTION_DB_UNAVAILABLE,UNKNOWN_PRODUCTION_DB_UNAVAILABLE,UNKNOWN_PRODUCTION_DB_UNAVAILABLE,CLIENT_PENDING,Database/GCS unavailable; cards[] does not expose asset_version_id; exact FishCard-to-version binding is unprovable. The returned public image URL responded HTTP 404; this does not prove the GCS object is absent.,"{""captured_at_asia_shanghai"":""2026-10-09T15:23:09.623153+08:00"",""list_http_status"":200,""detail_http_status"":200,""detail_surface"":""cards[]"",""api_role_row_count"":1,""api_species_role_match"":""YES"",""api_card_id"":239,""api_card_status"":""ACTIVE"",""api_card_asset_version_id"":null,""knowledge_asset_version_id"":null,""knowledge_asset_status"":null,""knowledge_asset_image_url"":null,""public_image_url"":""/api/v1/fish/knowledge-media/mud_carp/gear/v1.webp"",""image_http_status"":404,""image_content_type"":null,""image_size_bytes"":null,""image_sha256"":null,""evidence_files"":[""production_public_api_snapshot.json"",""production_media_http_snapshot.json""]}",BLOCKED
mud_carp,鲮鱼,SKILL,UNKNOWN_PRODUCTION_DB_UNAVAILABLE,UNKNOWN_PRODUCTION_DB_UNAVAILABLE,UNKNOWN_PRODUCTION_DB_UNAVAILABLE,UNKNOWN_PRODUCTION_DB_UNAVAILABLE,UNKNOWN_PRODUCTION_DB_UNAVAILABLE,ACTIVE,UNKNOWN_PRODUCTION_DB_UNAVAILABLE,UNKNOWN_PRODUCTION_DB_UNAVAILABLE,240,UNKNOWN_PRODUCTION_GCS_UNAVAILABLE,UNKNOWN_PRODUCTION_GCS_UNAVAILABLE,UNKNOWN_PRODUCTION_GCS_UNAVAILABLE,UNKNOWN_PRODUCTION_GCS_UNAVAILABLE,UNKNOWN_PRODUCTION_GCS_UNAVAILABLE,UNKNOWN_PRODUCTION_GCS_UNAVAILABLE,/api/v1/fish/knowledge-media/mud_carp/skill/v1.webp,,ACTIVE,BLOCKED_CARDS_VERSION_ID_MISSING,FAIL_HTTP_404,404,,YES,1,UNKNOWN_PRODUCTION_DB_UNAVAILABLE,UNKNOWN_PRODUCTION_DB_UNAVAILABLE,UNKNOWN_PRODUCTION_DB_UNAVAILABLE,CLIENT_PENDING,Database/GCS unavailable; cards[] does not expose asset_version_id; exact FishCard-to-version binding is unprovable. The returned public image URL responded HTTP 404; this does not prove the GCS object is absent.,"{""captured_at_asia_shanghai"":""2026-10-09T15:23:09.623153+08:00"",""list_http_status"":200,""detail_http_status"":200,""detail_surface"":""cards[]"",""api_role_row_count"":1,""api_species_role_match"":""YES"",""api_card_id"":240,""api_card_status"":""ACTIVE"",""api_card_asset_version_id"":null,""knowledge_asset_version_id"":null,""knowledge_asset_status"":null,""knowledge_asset_image_url"":null,""public_image_url"":""/api/v1/fish/knowledge-media/mud_carp/skill/v1.webp"",""image_http_status"":404,""image_content_type"":null,""image_size_bytes"":null,""image_sha256"":null,""evidence_files"":[""production_public_api_snapshot.json"",""production_media_http_snapshot.json""]}",BLOCKED
redfin_culter,红眼鳟,COVER_HERO,UNKNOWN_PRODUCTION_DB_UNAVAILABLE,UNKNOWN_PRODUCTION_DB_UNAVAILABLE,UNKNOWN_PRODUCTION_DB_UNAVAILABLE,UNKNOWN_PRODUCTION_DB_UNAVAILABLE,UNKNOWN_PRODUCTION_DB_UNAVAILABLE,UNKNOWN_NOT_EXPOSED,UNKNOWN_PRODUCTION_DB_UNAVAILABLE,UNKNOWN_PRODUCTION_DB_UNAVAILABLE,,UNKNOWN_PRODUCTION_GCS_UNAVAILABLE,UNKNOWN_PRODUCTION_GCS_UNAVAILABLE,UNKNOWN_PRODUCTION_GCS_UNAVAILABLE,UNKNOWN_PRODUCTION_GCS_UNAVAILABLE,UNKNOWN_PRODUCTION_GCS_UNAVAILABLE,UNKNOWN_PRODUCTION_GCS_UNAVAILABLE,,,UNKNOWN_NOT_EXPOSED,BLOCKED_LIST_DETAIL_VERSION_FIELDS_MISSING,NO_PUBLIC_URL_FIELD,,,API_FIELDS_ABSENT,0,UNKNOWN_PRODUCTION_DB_UNAVAILABLE,UNKNOWN_PRODUCTION_DB_UNAVAILABLE,UNKNOWN_PRODUCTION_DB_UNAVAILABLE,CLIENT_PENDING,Database/GCS unavailable; public list and detail expose no COVER_HERO URL/version/status.,"{""captured_at_asia_shanghai"":""2026-10-09T15:23:09.623153+08:00"",""list_http_status"":200,""detail_http_status"":200,""detail_surface"":""detail.cover_hero_*"",""api_role_row_count"":0,""api_species_role_match"":""API_FIELDS_ABSENT"",""api_card_id"":"""",""api_card_status"":null,""api_card_asset_version_id"":null,""knowledge_asset_version_id"":null,""knowledge_asset_status"":null,""knowledge_asset_image_url"":null,""public_image_url"":null,""image_http_status"":null,""image_content_type"":null,""image_size_bytes"":null,""image_sha256"":null,""evidence_files"":[""production_public_api_snapshot.json"",""production_media_http_snapshot.json""]}",BLOCKED
redfin_culter,红眼鳟,HERO,UNKNOWN_PRODUCTION_DB_UNAVAILABLE,UNKNOWN_PRODUCTION_DB_UNAVAILABLE,UNKNOWN_PRODUCTION_DB_UNAVAILABLE,UNKNOWN_PRODUCTION_DB_UNAVAILABLE,UNKNOWN_PRODUCTION_DB_UNAVAILABLE,ACTIVE,UNKNOWN_PRODUCTION_DB_UNAVAILABLE,UNKNOWN_PRODUCTION_DB_UNAVAILABLE,241,UNKNOWN_PRODUCTION_GCS_UNAVAILABLE,UNKNOWN_PRODUCTION_GCS_UNAVAILABLE,UNKNOWN_PRODUCTION_GCS_UNAVAILABLE,UNKNOWN_PRODUCTION_GCS_UNAVAILABLE,UNKNOWN_PRODUCTION_GCS_UNAVAILABLE,UNKNOWN_PRODUCTION_GCS_UNAVAILABLE,/api/v1/fish/knowledge-media/redfin_culter/hero/v1.webp,,ACTIVE,BLOCKED_CARDS_VERSION_ID_MISSING,FAIL_HTTP_404,404,,YES,1,UNKNOWN_PRODUCTION_DB_UNAVAILABLE,UNKNOWN_PRODUCTION_DB_UNAVAILABLE,UNKNOWN_PRODUCTION_DB_UNAVAILABLE,CLIENT_PENDING,Database/GCS unavailable; cards[] does not expose asset_version_id; exact FishCard-to-version binding is unprovable. The returned public image URL responded HTTP 404; this does not prove the GCS object is absent.,"{""captured_at_asia_shanghai"":""2026-10-09T15:23:09.623153+08:00"",""list_http_status"":200,""detail_http_status"":200,""detail_surface"":""cards[]"",""api_role_row_count"":1,""api_species_role_match"":""YES"",""api_card_id"":241,""api_card_status"":""ACTIVE"",""api_card_asset_version_id"":null,""knowledge_asset_version_id"":null,""knowledge_asset_status"":null,""knowledge_asset_image_url"":null,""public_image_url"":""/api/v1/fish/knowledge-media/redfin_culter/hero/v1.webp"",""image_http_status"":404,""image_content_type"":null,""image_size_bytes"":null,""image_sha256"":null,""evidence_files"":[""production_public_api_snapshot.json"",""production_media_http_snapshot.json""]}",BLOCKED
redfin_culter,红眼鳟,IDENTIFICATION,UNKNOWN_PRODUCTION_DB_UNAVAILABLE,UNKNOWN_PRODUCTION_DB_UNAVAILABLE,UNKNOWN_PRODUCTION_DB_UNAVAILABLE,UNKNOWN_PRODUCTION_DB_UNAVAILABLE,UNKNOWN_PRODUCTION_DB_UNAVAILABLE,ACTIVE,UNKNOWN_PRODUCTION_DB_UNAVAILABLE,UNKNOWN_PRODUCTION_DB_UNAVAILABLE,242,UNKNOWN_PRODUCTION_GCS_UNAVAILABLE,UNKNOWN_PRODUCTION_GCS_UNAVAILABLE,UNKNOWN_PRODUCTION_GCS_UNAVAILABLE,UNKNOWN_PRODUCTION_GCS_UNAVAILABLE,UNKNOWN_PRODUCTION_GCS_UNAVAILABLE,UNKNOWN_PRODUCTION_GCS_UNAVAILABLE,/api/v1/fish/knowledge-media/redfin_culter/identification/v1.webp,,ACTIVE,BLOCKED_CARDS_VERSION_ID_MISSING,FAIL_HTTP_404,404,,YES,1,UNKNOWN_PRODUCTION_DB_UNAVAILABLE,UNKNOWN_PRODUCTION_DB_UNAVAILABLE,UNKNOWN_PRODUCTION_DB_UNAVAILABLE,CLIENT_PENDING,Database/GCS unavailable; cards[] does not expose asset_version_id; exact FishCard-to-version binding is unprovable. The returned public image URL responded HTTP 404; this does not prove the GCS object is absent.,"{""captured_at_asia_shanghai"":""2026-10-09T15:23:09.623153+08:00"",""list_http_status"":200,""detail_http_status"":200,""detail_surface"":""cards[]"",""api_role_row_count"":1,""api_species_role_match"":""YES"",""api_card_id"":242,""api_card_status"":""ACTIVE"",""api_card_asset_version_id"":null,""knowledge_asset_version_id"":null,""knowledge_asset_status"":null,""knowledge_asset_image_url"":null,""public_image_url"":""/api/v1/fish/knowledge-media/redfin_culter/identification/v1.webp"",""image_http_status"":404,""image_content_type"":null,""image_size_bytes"":null,""image_sha256"":null,""evidence_files"":[""production_public_api_snapshot.json"",""production_media_http_snapshot.json""]}",BLOCKED
redfin_culter,红眼鳟,ECO,UNKNOWN_PRODUCTION_DB_UNAVAILABLE,UNKNOWN_PRODUCTION_DB_UNAVAILABLE,UNKNOWN_PRODUCTION_DB_UNAVAILABLE,UNKNOWN_PRODUCTION_DB_UNAVAILABLE,UNKNOWN_PRODUCTION_DB_UNAVAILABLE,ACTIVE,UNKNOWN_PRODUCTION_DB_UNAVAILABLE,UNKNOWN_PRODUCTION_DB_UNAVAILABLE,243,UNKNOWN_PRODUCTION_GCS_UNAVAILABLE,UNKNOWN_PRODUCTION_GCS_UNAVAILABLE,UNKNOWN_PRODUCTION_GCS_UNAVAILABLE,UNKNOWN_PRODUCTION_GCS_UNAVAILABLE,UNKNOWN_PRODUCTION_GCS_UNAVAILABLE,UNKNOWN_PRODUCTION_GCS_UNAVAILABLE,/api/v1/fish/knowledge-media/redfin_culter/eco/v1.webp,,ACTIVE,BLOCKED_CARDS_VERSION_ID_MISSING,FAIL_HTTP_404,404,,YES,1,UNKNOWN_PRODUCTION_DB_UNAVAILABLE,UNKNOWN_PRODUCTION_DB_UNAVAILABLE,UNKNOWN_PRODUCTION_DB_UNAVAILABLE,CLIENT_PENDING,Database/GCS unavailable; cards[] does not expose asset_version_id; exact FishCard-to-version binding is unprovable. The returned public image URL responded HTTP 404; this does not prove the GCS object is absent.,"{""captured_at_asia_shanghai"":""2026-10-09T15:23:09.623153+08:00"",""list_http_status"":200,""detail_http_status"":200,""detail_surface"":""cards[]"",""api_role_row_count"":1,""api_species_role_match"":""YES"",""api_card_id"":243,""api_card_status"":""ACTIVE"",""api_card_asset_version_id"":null,""knowledge_asset_version_id"":null,""knowledge_asset_status"":null,""knowledge_asset_image_url"":null,""public_image_url"":""/api/v1/fish/knowledge-media/redfin_culter/eco/v1.webp"",""image_http_status"":404,""image_content_type"":null,""image_size_bytes"":null,""image_sha256"":null,""evidence_files"":[""production_public_api_snapshot.json"",""production_media_http_snapshot.json""]}",BLOCKED
redfin_culter,红眼鳟,GEAR,UNKNOWN_PRODUCTION_DB_UNAVAILABLE,UNKNOWN_PRODUCTION_DB_UNAVAILABLE,UNKNOWN_PRODUCTION_DB_UNAVAILABLE,UNKNOWN_PRODUCTION_DB_UNAVAILABLE,UNKNOWN_PRODUCTION_DB_UNAVAILABLE,ACTIVE,UNKNOWN_PRODUCTION_DB_UNAVAILABLE,UNKNOWN_PRODUCTION_DB_UNAVAILABLE,244,UNKNOWN_PRODUCTION_GCS_UNAVAILABLE,UNKNOWN_PRODUCTION_GCS_UNAVAILABLE,UNKNOWN_PRODUCTION_GCS_UNAVAILABLE,UNKNOWN_PRODUCTION_GCS_UNAVAILABLE,UNKNOWN_PRODUCTION_GCS_UNAVAILABLE,UNKNOWN_PRODUCTION_GCS_UNAVAILABLE,/api/v1/fish/knowledge-media/redfin_culter/gear/v1.webp,,ACTIVE,BLOCKED_CARDS_VERSION_ID_MISSING,FAIL_HTTP_404,404,,YES,1,UNKNOWN_PRODUCTION_DB_UNAVAILABLE,UNKNOWN_PRODUCTION_DB_UNAVAILABLE,UNKNOWN_PRODUCTION_DB_UNAVAILABLE,CLIENT_PENDING,Database/GCS unavailable; cards[] does not expose asset_version_id; exact FishCard-to-version binding is unprovable. The returned public image URL responded HTTP 404; this does not prove the GCS object is absent.,"{""captured_at_asia_shanghai"":""2026-10-09T15:23:09.623153+08:00"",""list_http_status"":200,""detail_http_status"":200,""detail_surface"":""cards[]"",""api_role_row_count"":1,""api_species_role_match"":""YES"",""api_card_id"":244,""api_card_status"":""ACTIVE"",""api_card_asset_version_id"":null,""knowledge_asset_version_id"":null,""knowledge_asset_status"":null,""knowledge_asset_image_url"":null,""public_image_url"":""/api/v1/fish/knowledge-media/redfin_culter/gear/v1.webp"",""image_http_status"":404,""image_content_type"":null,""image_size_bytes"":null,""image_sha256"":null,""evidence_files"":[""production_public_api_snapshot.json"",""production_media_http_snapshot.json""]}",BLOCKED
redfin_culter,红眼鳟,SKILL,UNKNOWN_PRODUCTION_DB_UNAVAILABLE,UNKNOWN_PRODUCTION_DB_UNAVAILABLE,UNKNOWN_PRODUCTION_DB_UNAVAILABLE,UNKNOWN_PRODUCTION_DB_UNAVAILABLE,UNKNOWN_PRODUCTION_DB_UNAVAILABLE,ACTIVE,UNKNOWN_PRODUCTION_DB_UNAVAILABLE,UNKNOWN_PRODUCTION_DB_UNAVAILABLE,245,UNKNOWN_PRODUCTION_GCS_UNAVAILABLE,UNKNOWN_PRODUCTION_GCS_UNAVAILABLE,UNKNOWN_PRODUCTION_GCS_UNAVAILABLE,UNKNOWN_PRODUCTION_GCS_UNAVAILABLE,UNKNOWN_PRODUCTION_GCS_UNAVAILABLE,UNKNOWN_PRODUCTION_GCS_UNAVAILABLE,/api/v1/fish/knowledge-media/redfin_culter/skill/v1.webp,,ACTIVE,BLOCKED_CARDS_VERSION_ID_MISSING,FAIL_HTTP_404,404,,YES,1,UNKNOWN_PRODUCTION_DB_UNAVAILABLE,UNKNOWN_PRODUCTION_DB_UNAVAILABLE,UNKNOWN_PRODUCTION_DB_UNAVAILABLE,CLIENT_PENDING,Database/GCS unavailable; cards[] does not expose asset_version_id; exact FishCard-to-version binding is unprovable. The returned public image URL responded HTTP 404; this does not prove the GCS object is absent.,"{""captured_at_asia_shanghai"":""2026-10-09T15:23:09.623153+08:00"",""list_http_status"":200,""detail_http_status"":200,""detail_surface"":""cards[]"",""api_role_row_count"":1,""api_species_role_match"":""YES"",""api_card_id"":245,""api_card_status"":""ACTIVE"",""api_card_asset_version_id"":null,""knowledge_asset_version_id"":null,""knowledge_asset_status"":null,""knowledge_asset_image_url"":null,""public_image_url"":""/api/v1/fish/knowledge-media/redfin_culter/skill/v1.webp"",""image_http_status"":404,""image_content_type"":null,""image_size_bytes"":null,""image_sha256"":null,""evidence_files"":[""production_public_api_snapshot.json"",""production_media_http_snapshot.json""]}",BLOCKED
sharpbelly,白条,COVER_HERO,UNKNOWN_PRODUCTION_DB_UNAVAILABLE,UNKNOWN_PRODUCTION_DB_UNAVAILABLE,UNKNOWN_PRODUCTION_DB_UNAVAILABLE,UNKNOWN_PRODUCTION_DB_UNAVAILABLE,UNKNOWN_PRODUCTION_DB_UNAVAILABLE,UNKNOWN_NOT_EXPOSED,UNKNOWN_PRODUCTION_DB_UNAVAILABLE,UNKNOWN_PRODUCTION_DB_UNAVAILABLE,,UNKNOWN_PRODUCTION_GCS_UNAVAILABLE,UNKNOWN_PRODUCTION_GCS_UNAVAILABLE,UNKNOWN_PRODUCTION_GCS_UNAVAILABLE,UNKNOWN_PRODUCTION_GCS_UNAVAILABLE,UNKNOWN_PRODUCTION_GCS_UNAVAILABLE,UNKNOWN_PRODUCTION_GCS_UNAVAILABLE,,,UNKNOWN_NOT_EXPOSED,BLOCKED_LIST_DETAIL_VERSION_FIELDS_MISSING,NO_PUBLIC_URL_FIELD,,,API_FIELDS_ABSENT,0,UNKNOWN_PRODUCTION_DB_UNAVAILABLE,UNKNOWN_PRODUCTION_DB_UNAVAILABLE,UNKNOWN_PRODUCTION_DB_UNAVAILABLE,CLIENT_PENDING,Database/GCS unavailable; public list and detail expose no COVER_HERO URL/version/status.,"{""captured_at_asia_shanghai"":""2026-10-09T15:23:09.623153+08:00"",""list_http_status"":200,""detail_http_status"":200,""detail_surface"":""detail.cover_hero_*"",""api_role_row_count"":0,""api_species_role_match"":""API_FIELDS_ABSENT"",""api_card_id"":"""",""api_card_status"":null,""api_card_asset_version_id"":null,""knowledge_asset_version_id"":null,""knowledge_asset_status"":null,""knowledge_asset_image_url"":null,""public_image_url"":null,""image_http_status"":null,""image_content_type"":null,""image_size_bytes"":null,""image_sha256"":null,""evidence_files"":[""production_public_api_snapshot.json"",""production_media_http_snapshot.json""]}",BLOCKED
sharpbelly,白条,HERO,UNKNOWN_PRODUCTION_DB_UNAVAILABLE,UNKNOWN_PRODUCTION_DB_UNAVAILABLE,UNKNOWN_PRODUCTION_DB_UNAVAILABLE,UNKNOWN_PRODUCTION_DB_UNAVAILABLE,UNKNOWN_PRODUCTION_DB_UNAVAILABLE,ACTIVE,UNKNOWN_PRODUCTION_DB_UNAVAILABLE,UNKNOWN_PRODUCTION_DB_UNAVAILABLE,1,UNKNOWN_PRODUCTION_GCS_UNAVAILABLE,UNKNOWN_PRODUCTION_GCS_UNAVAILABLE,UNKNOWN_PRODUCTION_GCS_UNAVAILABLE,UNKNOWN_PRODUCTION_GCS_UNAVAILABLE,UNKNOWN_PRODUCTION_GCS_UNAVAILABLE,UNKNOWN_PRODUCTION_GCS_UNAVAILABLE,/api/v1/fish/knowledge-media/sharpbelly/hero/hero.webp,,ACTIVE,BLOCKED_CARDS_VERSION_ID_MISSING,PASS_HTTP_200,200,531e607149e8c66b35efc8d17573ef297501a18c57456e9ee56b4464fdfe8fe5,YES,1,UNKNOWN_PRODUCTION_DB_UNAVAILABLE,UNKNOWN_PRODUCTION_DB_UNAVAILABLE,UNKNOWN_PRODUCTION_DB_UNAVAILABLE,CLIENT_PENDING,Database/GCS unavailable; cards[] does not expose asset_version_id; exact FishCard-to-version binding is unprovable.,"{""captured_at_asia_shanghai"":""2026-10-09T15:23:09.623153+08:00"",""list_http_status"":200,""detail_http_status"":200,""detail_surface"":""cards[]"",""api_role_row_count"":1,""api_species_role_match"":""YES"",""api_card_id"":1,""api_card_status"":""ACTIVE"",""api_card_asset_version_id"":null,""knowledge_asset_version_id"":null,""knowledge_asset_status"":null,""knowledge_asset_image_url"":null,""public_image_url"":""/api/v1/fish/knowledge-media/sharpbelly/hero/hero.webp"",""image_http_status"":200,""image_content_type"":""image/webp"",""image_size_bytes"":409740,""image_sha256"":""531e607149e8c66b35efc8d17573ef297501a18c57456e9ee56b4464fdfe8fe5"",""evidence_files"":[""production_public_api_snapshot.json"",""production_media_http_snapshot.json""]}",BLOCKED
sharpbelly,白条,IDENTIFICATION,UNKNOWN_PRODUCTION_DB_UNAVAILABLE,UNKNOWN_PRODUCTION_DB_UNAVAILABLE,UNKNOWN_PRODUCTION_DB_UNAVAILABLE,UNKNOWN_PRODUCTION_DB_UNAVAILABLE,UNKNOWN_PRODUCTION_DB_UNAVAILABLE,ACTIVE,UNKNOWN_PRODUCTION_DB_UNAVAILABLE,UNKNOWN_PRODUCTION_DB_UNAVAILABLE,2,UNKNOWN_PRODUCTION_GCS_UNAVAILABLE,UNKNOWN_PRODUCTION_GCS_UNAVAILABLE,UNKNOWN_PRODUCTION_GCS_UNAVAILABLE,UNKNOWN_PRODUCTION_GCS_UNAVAILABLE,UNKNOWN_PRODUCTION_GCS_UNAVAILABLE,UNKNOWN_PRODUCTION_GCS_UNAVAILABLE,/api/v1/fish/knowledge-media/sharpbelly/identification/identification.webp,,ACTIVE,BLOCKED_CARDS_VERSION_ID_MISSING,PASS_HTTP_200,200,00f625e7f925fac4b5e2e9207c9b6038102dc4dd1cc935a3b13c4f30a554b648,YES,1,UNKNOWN_PRODUCTION_DB_UNAVAILABLE,UNKNOWN_PRODUCTION_DB_UNAVAILABLE,UNKNOWN_PRODUCTION_DB_UNAVAILABLE,CLIENT_PENDING,Database/GCS unavailable; cards[] does not expose asset_version_id; exact FishCard-to-version binding is unprovable.,"{""captured_at_asia_shanghai"":""2026-10-09T15:23:09.623153+08:00"",""list_http_status"":200,""detail_http_status"":200,""detail_surface"":""cards[]"",""api_role_row_count"":1,""api_species_role_match"":""YES"",""api_card_id"":2,""api_card_status"":""ACTIVE"",""api_card_asset_version_id"":null,""knowledge_asset_version_id"":null,""knowledge_asset_status"":null,""knowledge_asset_image_url"":null,""public_image_url"":""/api/v1/fish/knowledge-media/sharpbelly/identification/identification.webp"",""image_http_status"":200,""image_content_type"":""image/webp"",""image_size_bytes"":349548,""image_sha256"":""00f625e7f925fac4b5e2e9207c9b6038102dc4dd1cc935a3b13c4f30a554b648"",""evidence_files"":[""production_public_api_snapshot.json"",""production_media_http_snapshot.json""]}",BLOCKED
sharpbelly,白条,ECO,UNKNOWN_PRODUCTION_DB_UNAVAILABLE,UNKNOWN_PRODUCTION_DB_UNAVAILABLE,UNKNOWN_PRODUCTION_DB_UNAVAILABLE,UNKNOWN_PRODUCTION_DB_UNAVAILABLE,UNKNOWN_PRODUCTION_DB_UNAVAILABLE,ACTIVE,UNKNOWN_PRODUCTION_DB_UNAVAILABLE,UNKNOWN_PRODUCTION_DB_UNAVAILABLE,3,UNKNOWN_PRODUCTION_GCS_UNAVAILABLE,UNKNOWN_PRODUCTION_GCS_UNAVAILABLE,UNKNOWN_PRODUCTION_GCS_UNAVAILABLE,UNKNOWN_PRODUCTION_GCS_UNAVAILABLE,UNKNOWN_PRODUCTION_GCS_UNAVAILABLE,UNKNOWN_PRODUCTION_GCS_UNAVAILABLE,/api/v1/fish/knowledge-media/sharpbelly/eco/eco.webp,,ACTIVE,BLOCKED_CARDS_VERSION_ID_MISSING,PASS_HTTP_200,200,96bb75301eca18d4cce6e1a7d7575281ab9812e5d4aa75358acc253116f8d51e,YES,1,UNKNOWN_PRODUCTION_DB_UNAVAILABLE,UNKNOWN_PRODUCTION_DB_UNAVAILABLE,UNKNOWN_PRODUCTION_DB_UNAVAILABLE,CLIENT_PENDING,Database/GCS unavailable; cards[] does not expose asset_version_id; exact FishCard-to-version binding is unprovable.,"{""captured_at_asia_shanghai"":""2026-10-09T15:23:09.623153+08:00"",""list_http_status"":200,""detail_http_status"":200,""detail_surface"":""cards[]"",""api_role_row_count"":1,""api_species_role_match"":""YES"",""api_card_id"":3,""api_card_status"":""ACTIVE"",""api_card_asset_version_id"":null,""knowledge_asset_version_id"":null,""knowledge_asset_status"":null,""knowledge_asset_image_url"":null,""public_image_url"":""/api/v1/fish/knowledge-media/sharpbelly/eco/eco.webp"",""image_http_status"":200,""image_content_type"":""image/webp"",""image_size_bytes"":386128,""image_sha256"":""96bb75301eca18d4cce6e1a7d7575281ab9812e5d4aa75358acc253116f8d51e"",""evidence_files"":[""production_public_api_snapshot.json"",""production_media_http_snapshot.json""]}",BLOCKED
sharpbelly,白条,GEAR,UNKNOWN_PRODUCTION_DB_UNAVAILABLE,UNKNOWN_PRODUCTION_DB_UNAVAILABLE,UNKNOWN_PRODUCTION_DB_UNAVAILABLE,UNKNOWN_PRODUCTION_DB_UNAVAILABLE,UNKNOWN_PRODUCTION_DB_UNAVAILABLE,ACTIVE,UNKNOWN_PRODUCTION_DB_UNAVAILABLE,UNKNOWN_PRODUCTION_DB_UNAVAILABLE,4,UNKNOWN_PRODUCTION_GCS_UNAVAILABLE,UNKNOWN_PRODUCTION_GCS_UNAVAILABLE,UNKNOWN_PRODUCTION_GCS_UNAVAILABLE,UNKNOWN_PRODUCTION_GCS_UNAVAILABLE,UNKNOWN_PRODUCTION_GCS_UNAVAILABLE,UNKNOWN_PRODUCTION_GCS_UNAVAILABLE,/api/v1/fish/knowledge-media/sharpbelly/gear/gear.webp,,ACTIVE,BLOCKED_CARDS_VERSION_ID_MISSING,PASS_HTTP_200,200,0d0743476d0ddc9a3eb2b0922c49d29c2046f259434e775e7b0b21c4b172f3ba,YES,1,UNKNOWN_PRODUCTION_DB_UNAVAILABLE,UNKNOWN_PRODUCTION_DB_UNAVAILABLE,UNKNOWN_PRODUCTION_DB_UNAVAILABLE,CLIENT_PENDING,Database/GCS unavailable; cards[] does not expose asset_version_id; exact FishCard-to-version binding is unprovable.,"{""captured_at_asia_shanghai"":""2026-10-09T15:23:09.623153+08:00"",""list_http_status"":200,""detail_http_status"":200,""detail_surface"":""cards[]"",""api_role_row_count"":1,""api_species_role_match"":""YES"",""api_card_id"":4,""api_card_status"":""ACTIVE"",""api_card_asset_version_id"":null,""knowledge_asset_version_id"":null,""knowledge_asset_status"":null,""knowledge_asset_image_url"":null,""public_image_url"":""/api/v1/fish/knowledge-media/sharpbelly/gear/gear.webp"",""image_http_status"":200,""image_content_type"":""image/webp"",""image_size_bytes"":258092,""image_sha256"":""0d0743476d0ddc9a3eb2b0922c49d29c2046f259434e775e7b0b21c4b172f3ba"",""evidence_files"":[""production_public_api_snapshot.json"",""production_media_http_snapshot.json""]}",BLOCKED
sharpbelly,白条,SKILL,UNKNOWN_PRODUCTION_DB_UNAVAILABLE,UNKNOWN_PRODUCTION_DB_UNAVAILABLE,UNKNOWN_PRODUCTION_DB_UNAVAILABLE,UNKNOWN_PRODUCTION_DB_UNAVAILABLE,UNKNOWN_PRODUCTION_DB_UNAVAILABLE,ACTIVE,UNKNOWN_PRODUCTION_DB_UNAVAILABLE,UNKNOWN_PRODUCTION_DB_UNAVAILABLE,5,UNKNOWN_PRODUCTION_GCS_UNAVAILABLE,UNKNOWN_PRODUCTION_GCS_UNAVAILABLE,UNKNOWN_PRODUCTION_GCS_UNAVAILABLE,UNKNOWN_PRODUCTION_GCS_UNAVAILABLE,UNKNOWN_PRODUCTION_GCS_UNAVAILABLE,UNKNOWN_PRODUCTION_GCS_UNAVAILABLE,/api/v1/fish/knowledge-media/sharpbelly/skill/skill.webp,,ACTIVE,BLOCKED_CARDS_VERSION_ID_MISSING,PASS_HTTP_200,200,e6a64938d4cb0b8e01ac23b3ae4e7d49e4992aaaa439e434d5b31ad00b117594,YES,1,UNKNOWN_PRODUCTION_DB_UNAVAILABLE,UNKNOWN_PRODUCTION_DB_UNAVAILABLE,UNKNOWN_PRODUCTION_DB_UNAVAILABLE,CLIENT_PENDING,Database/GCS unavailable; cards[] does not expose asset_version_id; exact FishCard-to-version binding is unprovable.,"{""captured_at_asia_shanghai"":""2026-10-09T15:23:09.623153+08:00"",""list_http_status"":200,""detail_http_status"":200,""detail_surface"":""cards[]"",""api_role_row_count"":1,""api_species_role_match"":""YES"",""api_card_id"":5,""api_card_status"":""ACTIVE"",""api_card_asset_version_id"":null,""knowledge_asset_version_id"":null,""knowledge_asset_status"":null,""knowledge_asset_image_url"":null,""public_image_url"":""/api/v1/fish/knowledge-media/sharpbelly/skill/skill.webp"",""image_http_status"":200,""image_content_type"":""image/webp"",""image_size_bytes"":373812,""image_sha256"":""e6a64938d4cb0b8e01ac23b3ae4e7d49e4992aaaa439e434d5b31ad00b117594"",""evidence_files"":[""production_public_api_snapshot.json"",""production_media_http_snapshot.json""]}",BLOCKED
silver_carp,白鲢,COVER_HERO,UNKNOWN_PRODUCTION_DB_UNAVAILABLE,UNKNOWN_PRODUCTION_DB_UNAVAILABLE,UNKNOWN_PRODUCTION_DB_UNAVAILABLE,UNKNOWN_PRODUCTION_DB_UNAVAILABLE,UNKNOWN_PRODUCTION_DB_UNAVAILABLE,UNKNOWN_NOT_EXPOSED,UNKNOWN_PRODUCTION_DB_UNAVAILABLE,UNKNOWN_PRODUCTION_DB_UNAVAILABLE,,UNKNOWN_PRODUCTION_GCS_UNAVAILABLE,UNKNOWN_PRODUCTION_GCS_UNAVAILABLE,UNKNOWN_PRODUCTION_GCS_UNAVAILABLE,UNKNOWN_PRODUCTION_GCS_UNAVAILABLE,UNKNOWN_PRODUCTION_GCS_UNAVAILABLE,UNKNOWN_PRODUCTION_GCS_UNAVAILABLE,,,UNKNOWN_NOT_EXPOSED,BLOCKED_LIST_DETAIL_VERSION_FIELDS_MISSING,NO_PUBLIC_URL_FIELD,,,API_FIELDS_ABSENT,0,UNKNOWN_PRODUCTION_DB_UNAVAILABLE,UNKNOWN_PRODUCTION_DB_UNAVAILABLE,UNKNOWN_PRODUCTION_DB_UNAVAILABLE,CLIENT_PENDING,Database/GCS unavailable; public list and detail expose no COVER_HERO URL/version/status.,"{""captured_at_asia_shanghai"":""2026-10-09T15:23:09.623153+08:00"",""list_http_status"":200,""detail_http_status"":200,""detail_surface"":""detail.cover_hero_*"",""api_role_row_count"":0,""api_species_role_match"":""API_FIELDS_ABSENT"",""api_card_id"":"""",""api_card_status"":null,""api_card_asset_version_id"":null,""knowledge_asset_version_id"":null,""knowledge_asset_status"":null,""knowledge_asset_image_url"":null,""public_image_url"":null,""image_http_status"":null,""image_content_type"":null,""image_size_bytes"":null,""image_sha256"":null,""evidence_files"":[""production_public_api_snapshot.json"",""production_media_http_snapshot.json""]}",BLOCKED
silver_carp,白鲢,HERO,UNKNOWN_PRODUCTION_DB_UNAVAILABLE,UNKNOWN_PRODUCTION_DB_UNAVAILABLE,UNKNOWN_PRODUCTION_DB_UNAVAILABLE,UNKNOWN_PRODUCTION_DB_UNAVAILABLE,UNKNOWN_PRODUCTION_DB_UNAVAILABLE,ACTIVE,UNKNOWN_PRODUCTION_DB_UNAVAILABLE,UNKNOWN_PRODUCTION_DB_UNAVAILABLE,76,UNKNOWN_PRODUCTION_GCS_UNAVAILABLE,UNKNOWN_PRODUCTION_GCS_UNAVAILABLE,UNKNOWN_PRODUCTION_GCS_UNAVAILABLE,UNKNOWN_PRODUCTION_GCS_UNAVAILABLE,UNKNOWN_PRODUCTION_GCS_UNAVAILABLE,UNKNOWN_PRODUCTION_GCS_UNAVAILABLE,/api/v1/fish/knowledge-media/silver_carp/hero/v1.webp,,ACTIVE,BLOCKED_CARDS_VERSION_ID_MISSING,FAIL_HTTP_404,404,,YES,1,UNKNOWN_PRODUCTION_DB_UNAVAILABLE,UNKNOWN_PRODUCTION_DB_UNAVAILABLE,UNKNOWN_PRODUCTION_DB_UNAVAILABLE,CLIENT_PENDING,Database/GCS unavailable; cards[] does not expose asset_version_id; exact FishCard-to-version binding is unprovable. The returned public image URL responded HTTP 404; this does not prove the GCS object is absent.,"{""captured_at_asia_shanghai"":""2026-10-09T15:23:09.623153+08:00"",""list_http_status"":200,""detail_http_status"":200,""detail_surface"":""cards[]"",""api_role_row_count"":1,""api_species_role_match"":""YES"",""api_card_id"":76,""api_card_status"":""ACTIVE"",""api_card_asset_version_id"":null,""knowledge_asset_version_id"":null,""knowledge_asset_status"":null,""knowledge_asset_image_url"":null,""public_image_url"":""/api/v1/fish/knowledge-media/silver_carp/hero/v1.webp"",""image_http_status"":404,""image_content_type"":null,""image_size_bytes"":null,""image_sha256"":null,""evidence_files"":[""production_public_api_snapshot.json"",""production_media_http_snapshot.json""]}",BLOCKED
silver_carp,白鲢,IDENTIFICATION,UNKNOWN_PRODUCTION_DB_UNAVAILABLE,UNKNOWN_PRODUCTION_DB_UNAVAILABLE,UNKNOWN_PRODUCTION_DB_UNAVAILABLE,UNKNOWN_PRODUCTION_DB_UNAVAILABLE,UNKNOWN_PRODUCTION_DB_UNAVAILABLE,ACTIVE,UNKNOWN_PRODUCTION_DB_UNAVAILABLE,UNKNOWN_PRODUCTION_DB_UNAVAILABLE,77,UNKNOWN_PRODUCTION_GCS_UNAVAILABLE,UNKNOWN_PRODUCTION_GCS_UNAVAILABLE,UNKNOWN_PRODUCTION_GCS_UNAVAILABLE,UNKNOWN_PRODUCTION_GCS_UNAVAILABLE,UNKNOWN_PRODUCTION_GCS_UNAVAILABLE,UNKNOWN_PRODUCTION_GCS_UNAVAILABLE,/api/v1/fish/knowledge-media/silver_carp/identification/v1.webp,,ACTIVE,BLOCKED_CARDS_VERSION_ID_MISSING,FAIL_HTTP_404,404,,YES,1,UNKNOWN_PRODUCTION_DB_UNAVAILABLE,UNKNOWN_PRODUCTION_DB_UNAVAILABLE,UNKNOWN_PRODUCTION_DB_UNAVAILABLE,CLIENT_PENDING,Database/GCS unavailable; cards[] does not expose asset_version_id; exact FishCard-to-version binding is unprovable. The returned public image URL responded HTTP 404; this does not prove the GCS object is absent.,"{""captured_at_asia_shanghai"":""2026-10-09T15:23:09.623153+08:00"",""list_http_status"":200,""detail_http_status"":200,""detail_surface"":""cards[]"",""api_role_row_count"":1,""api_species_role_match"":""YES"",""api_card_id"":77,""api_card_status"":""ACTIVE"",""api_card_asset_version_id"":null,""knowledge_asset_version_id"":null,""knowledge_asset_status"":null,""knowledge_asset_image_url"":null,""public_image_url"":""/api/v1/fish/knowledge-media/silver_carp/identification/v1.webp"",""image_http_status"":404,""image_content_type"":null,""image_size_bytes"":null,""image_sha256"":null,""evidence_files"":[""production_public_api_snapshot.json"",""production_media_http_snapshot.json""]}",BLOCKED
silver_carp,白鲢,ECO,UNKNOWN_PRODUCTION_DB_UNAVAILABLE,UNKNOWN_PRODUCTION_DB_UNAVAILABLE,UNKNOWN_PRODUCTION_DB_UNAVAILABLE,UNKNOWN_PRODUCTION_DB_UNAVAILABLE,UNKNOWN_PRODUCTION_DB_UNAVAILABLE,ACTIVE,UNKNOWN_PRODUCTION_DB_UNAVAILABLE,UNKNOWN_PRODUCTION_DB_UNAVAILABLE,78,UNKNOWN_PRODUCTION_GCS_UNAVAILABLE,UNKNOWN_PRODUCTION_GCS_UNAVAILABLE,UNKNOWN_PRODUCTION_GCS_UNAVAILABLE,UNKNOWN_PRODUCTION_GCS_UNAVAILABLE,UNKNOWN_PRODUCTION_GCS_UNAVAILABLE,UNKNOWN_PRODUCTION_GCS_UNAVAILABLE,/api/v1/fish/knowledge-media/silver_carp/eco/v1.webp,,ACTIVE,BLOCKED_CARDS_VERSION_ID_MISSING,FAIL_HTTP_404,404,,YES,1,UNKNOWN_PRODUCTION_DB_UNAVAILABLE,UNKNOWN_PRODUCTION_DB_UNAVAILABLE,UNKNOWN_PRODUCTION_DB_UNAVAILABLE,CLIENT_PENDING,Database/GCS unavailable; cards[] does not expose asset_version_id; exact FishCard-to-version binding is unprovable. The returned public image URL responded HTTP 404; this does not prove the GCS object is absent.,"{""captured_at_asia_shanghai"":""2026-10-09T15:23:09.623153+08:00"",""list_http_status"":200,""detail_http_status"":200,""detail_surface"":""cards[]"",""api_role_row_count"":1,""api_species_role_match"":""YES"",""api_card_id"":78,""api_card_status"":""ACTIVE"",""api_card_asset_version_id"":null,""knowledge_asset_version_id"":null,""knowledge_asset_status"":null,""knowledge_asset_image_url"":null,""public_image_url"":""/api/v1/fish/knowledge-media/silver_carp/eco/v1.webp"",""image_http_status"":404,""image_content_type"":null,""image_size_bytes"":null,""image_sha256"":null,""evidence_files"":[""production_public_api_snapshot.json"",""production_media_http_snapshot.json""]}",BLOCKED
silver_carp,白鲢,GEAR,UNKNOWN_PRODUCTION_DB_UNAVAILABLE,UNKNOWN_PRODUCTION_DB_UNAVAILABLE,UNKNOWN_PRODUCTION_DB_UNAVAILABLE,UNKNOWN_PRODUCTION_DB_UNAVAILABLE,UNKNOWN_PRODUCTION_DB_UNAVAILABLE,ACTIVE,UNKNOWN_PRODUCTION_DB_UNAVAILABLE,UNKNOWN_PRODUCTION_DB_UNAVAILABLE,79,UNKNOWN_PRODUCTION_GCS_UNAVAILABLE,UNKNOWN_PRODUCTION_GCS_UNAVAILABLE,UNKNOWN_PRODUCTION_GCS_UNAVAILABLE,UNKNOWN_PRODUCTION_GCS_UNAVAILABLE,UNKNOWN_PRODUCTION_GCS_UNAVAILABLE,UNKNOWN_PRODUCTION_GCS_UNAVAILABLE,/api/v1/fish/knowledge-media/silver_carp/gear/v1.webp,,ACTIVE,BLOCKED_CARDS_VERSION_ID_MISSING,FAIL_HTTP_404,404,,YES,1,UNKNOWN_PRODUCTION_DB_UNAVAILABLE,UNKNOWN_PRODUCTION_DB_UNAVAILABLE,UNKNOWN_PRODUCTION_DB_UNAVAILABLE,CLIENT_PENDING,Database/GCS unavailable; cards[] does not expose asset_version_id; exact FishCard-to-version binding is unprovable. The returned public image URL responded HTTP 404; this does not prove the GCS object is absent.,"{""captured_at_asia_shanghai"":""2026-10-09T15:23:09.623153+08:00"",""list_http_status"":200,""detail_http_status"":200,""detail_surface"":""cards[]"",""api_role_row_count"":1,""api_species_role_match"":""YES"",""api_card_id"":79,""api_card_status"":""ACTIVE"",""api_card_asset_version_id"":null,""knowledge_asset_version_id"":null,""knowledge_asset_status"":null,""knowledge_asset_image_url"":null,""public_image_url"":""/api/v1/fish/knowledge-media/silver_carp/gear/v1.webp"",""image_http_status"":404,""image_content_type"":null,""image_size_bytes"":null,""image_sha256"":null,""evidence_files"":[""production_public_api_snapshot.json"",""production_media_http_snapshot.json""]}",BLOCKED
silver_carp,白鲢,SKILL,UNKNOWN_PRODUCTION_DB_UNAVAILABLE,UNKNOWN_PRODUCTION_DB_UNAVAILABLE,UNKNOWN_PRODUCTION_DB_UNAVAILABLE,UNKNOWN_PRODUCTION_DB_UNAVAILABLE,UNKNOWN_PRODUCTION_DB_UNAVAILABLE,ACTIVE,UNKNOWN_PRODUCTION_DB_UNAVAILABLE,UNKNOWN_PRODUCTION_DB_UNAVAILABLE,80,UNKNOWN_PRODUCTION_GCS_UNAVAILABLE,UNKNOWN_PRODUCTION_GCS_UNAVAILABLE,UNKNOWN_PRODUCTION_GCS_UNAVAILABLE,UNKNOWN_PRODUCTION_GCS_UNAVAILABLE,UNKNOWN_PRODUCTION_GCS_UNAVAILABLE,UNKNOWN_PRODUCTION_GCS_UNAVAILABLE,/api/v1/fish/knowledge-media/silver_carp/skill/v1.webp,,ACTIVE,BLOCKED_CARDS_VERSION_ID_MISSING,FAIL_HTTP_404,404,,YES,1,UNKNOWN_PRODUCTION_DB_UNAVAILABLE,UNKNOWN_PRODUCTION_DB_UNAVAILABLE,UNKNOWN_PRODUCTION_DB_UNAVAILABLE,CLIENT_PENDING,Database/GCS unavailable; cards[] does not expose asset_version_id; exact FishCard-to-version binding is unprovable. The returned public image URL responded HTTP 404; this does not prove the GCS object is absent.,"{""captured_at_asia_shanghai"":""2026-10-09T15:23:09.623153+08:00"",""list_http_status"":200,""detail_http_status"":200,""detail_surface"":""cards[]"",""api_role_row_count"":1,""api_species_role_match"":""YES"",""api_card_id"":80,""api_card_status"":""ACTIVE"",""api_card_asset_version_id"":null,""knowledge_asset_version_id"":null,""knowledge_asset_status"":null,""knowledge_asset_image_url"":null,""public_image_url"":""/api/v1/fish/knowledge-media/silver_carp/skill/v1.webp"",""image_http_status"":404,""image_content_type"":null,""image_size_bytes"":null,""image_sha256"":null,""evidence_files"":[""production_public_api_snapshot.json"",""production_media_http_snapshot.json""]}",BLOCKED
snakehead,黑鱼,COVER_HERO,UNKNOWN_PRODUCTION_DB_UNAVAILABLE,UNKNOWN_PRODUCTION_DB_UNAVAILABLE,UNKNOWN_PRODUCTION_DB_UNAVAILABLE,UNKNOWN_PRODUCTION_DB_UNAVAILABLE,UNKNOWN_PRODUCTION_DB_UNAVAILABLE,UNKNOWN_NOT_EXPOSED,UNKNOWN_PRODUCTION_DB_UNAVAILABLE,UNKNOWN_PRODUCTION_DB_UNAVAILABLE,,UNKNOWN_PRODUCTION_GCS_UNAVAILABLE,UNKNOWN_PRODUCTION_GCS_UNAVAILABLE,UNKNOWN_PRODUCTION_GCS_UNAVAILABLE,UNKNOWN_PRODUCTION_GCS_UNAVAILABLE,UNKNOWN_PRODUCTION_GCS_UNAVAILABLE,UNKNOWN_PRODUCTION_GCS_UNAVAILABLE,,,UNKNOWN_NOT_EXPOSED,BLOCKED_LIST_DETAIL_VERSION_FIELDS_MISSING,NO_PUBLIC_URL_FIELD,,,API_FIELDS_ABSENT,0,UNKNOWN_PRODUCTION_DB_UNAVAILABLE,UNKNOWN_PRODUCTION_DB_UNAVAILABLE,UNKNOWN_PRODUCTION_DB_UNAVAILABLE,CLIENT_PENDING,Database/GCS unavailable; public list and detail expose no COVER_HERO URL/version/status.,"{""captured_at_asia_shanghai"":""2026-10-09T15:23:09.623153+08:00"",""list_http_status"":200,""detail_http_status"":200,""detail_surface"":""detail.cover_hero_*"",""api_role_row_count"":0,""api_species_role_match"":""API_FIELDS_ABSENT"",""api_card_id"":"""",""api_card_status"":null,""api_card_asset_version_id"":null,""knowledge_asset_version_id"":null,""knowledge_asset_status"":null,""knowledge_asset_image_url"":null,""public_image_url"":null,""image_http_status"":null,""image_content_type"":null,""image_size_bytes"":null,""image_sha256"":null,""evidence_files"":[""production_public_api_snapshot.json"",""production_media_http_snapshot.json""]}",BLOCKED
snakehead,黑鱼,HERO,UNKNOWN_PRODUCTION_DB_UNAVAILABLE,UNKNOWN_PRODUCTION_DB_UNAVAILABLE,UNKNOWN_PRODUCTION_DB_UNAVAILABLE,UNKNOWN_PRODUCTION_DB_UNAVAILABLE,UNKNOWN_PRODUCTION_DB_UNAVAILABLE,ACTIVE,UNKNOWN_PRODUCTION_DB_UNAVAILABLE,UNKNOWN_PRODUCTION_DB_UNAVAILABLE,21,UNKNOWN_PRODUCTION_GCS_UNAVAILABLE,UNKNOWN_PRODUCTION_GCS_UNAVAILABLE,UNKNOWN_PRODUCTION_GCS_UNAVAILABLE,UNKNOWN_PRODUCTION_GCS_UNAVAILABLE,UNKNOWN_PRODUCTION_GCS_UNAVAILABLE,UNKNOWN_PRODUCTION_GCS_UNAVAILABLE,/api/v1/fish/knowledge-media/snakehead/hero/v1.webp,,ACTIVE,BLOCKED_CARDS_VERSION_ID_MISSING,FAIL_HTTP_404,404,,YES,1,UNKNOWN_PRODUCTION_DB_UNAVAILABLE,UNKNOWN_PRODUCTION_DB_UNAVAILABLE,UNKNOWN_PRODUCTION_DB_UNAVAILABLE,CLIENT_PENDING,Database/GCS unavailable; cards[] does not expose asset_version_id; exact FishCard-to-version binding is unprovable. The returned public image URL responded HTTP 404; this does not prove the GCS object is absent.,"{""captured_at_asia_shanghai"":""2026-10-09T15:23:09.623153+08:00"",""list_http_status"":200,""detail_http_status"":200,""detail_surface"":""cards[]"",""api_role_row_count"":1,""api_species_role_match"":""YES"",""api_card_id"":21,""api_card_status"":""ACTIVE"",""api_card_asset_version_id"":null,""knowledge_asset_version_id"":null,""knowledge_asset_status"":null,""knowledge_asset_image_url"":null,""public_image_url"":""/api/v1/fish/knowledge-media/snakehead/hero/v1.webp"",""image_http_status"":404,""image_content_type"":null,""image_size_bytes"":null,""image_sha256"":null,""evidence_files"":[""production_public_api_snapshot.json"",""production_media_http_snapshot.json""]}",BLOCKED
snakehead,黑鱼,IDENTIFICATION,UNKNOWN_PRODUCTION_DB_UNAVAILABLE,UNKNOWN_PRODUCTION_DB_UNAVAILABLE,UNKNOWN_PRODUCTION_DB_UNAVAILABLE,UNKNOWN_PRODUCTION_DB_UNAVAILABLE,UNKNOWN_PRODUCTION_DB_UNAVAILABLE,ACTIVE,UNKNOWN_PRODUCTION_DB_UNAVAILABLE,UNKNOWN_PRODUCTION_DB_UNAVAILABLE,22,UNKNOWN_PRODUCTION_GCS_UNAVAILABLE,UNKNOWN_PRODUCTION_GCS_UNAVAILABLE,UNKNOWN_PRODUCTION_GCS_UNAVAILABLE,UNKNOWN_PRODUCTION_GCS_UNAVAILABLE,UNKNOWN_PRODUCTION_GCS_UNAVAILABLE,UNKNOWN_PRODUCTION_GCS_UNAVAILABLE,/api/v1/fish/knowledge-media/snakehead/identification/v1.webp,,ACTIVE,BLOCKED_CARDS_VERSION_ID_MISSING,FAIL_HTTP_404,404,,YES,1,UNKNOWN_PRODUCTION_DB_UNAVAILABLE,UNKNOWN_PRODUCTION_DB_UNAVAILABLE,UNKNOWN_PRODUCTION_DB_UNAVAILABLE,CLIENT_PENDING,Database/GCS unavailable; cards[] does not expose asset_version_id; exact FishCard-to-version binding is unprovable. The returned public image URL responded HTTP 404; this does not prove the GCS object is absent.,"{""captured_at_asia_shanghai"":""2026-10-09T15:23:09.623153+08:00"",""list_http_status"":200,""detail_http_status"":200,""detail_surface"":""cards[]"",""api_role_row_count"":1,""api_species_role_match"":""YES"",""api_card_id"":22,""api_card_status"":""ACTIVE"",""api_card_asset_version_id"":null,""knowledge_asset_version_id"":null,""knowledge_asset_status"":null,""knowledge_asset_image_url"":null,""public_image_url"":""/api/v1/fish/knowledge-media/snakehead/identification/v1.webp"",""image_http_status"":404,""image_content_type"":null,""image_size_bytes"":null,""image_sha256"":null,""evidence_files"":[""production_public_api_snapshot.json"",""production_media_http_snapshot.json""]}",BLOCKED
snakehead,黑鱼,ECO,UNKNOWN_PRODUCTION_DB_UNAVAILABLE,UNKNOWN_PRODUCTION_DB_UNAVAILABLE,UNKNOWN_PRODUCTION_DB_UNAVAILABLE,UNKNOWN_PRODUCTION_DB_UNAVAILABLE,UNKNOWN_PRODUCTION_DB_UNAVAILABLE,ACTIVE,UNKNOWN_PRODUCTION_DB_UNAVAILABLE,UNKNOWN_PRODUCTION_DB_UNAVAILABLE,23,UNKNOWN_PRODUCTION_GCS_UNAVAILABLE,UNKNOWN_PRODUCTION_GCS_UNAVAILABLE,UNKNOWN_PRODUCTION_GCS_UNAVAILABLE,UNKNOWN_PRODUCTION_GCS_UNAVAILABLE,UNKNOWN_PRODUCTION_GCS_UNAVAILABLE,UNKNOWN_PRODUCTION_GCS_UNAVAILABLE,/api/v1/fish/knowledge-media/snakehead/eco/v1.webp,,ACTIVE,BLOCKED_CARDS_VERSION_ID_MISSING,FAIL_HTTP_404,404,,YES,1,UNKNOWN_PRODUCTION_DB_UNAVAILABLE,UNKNOWN_PRODUCTION_DB_UNAVAILABLE,UNKNOWN_PRODUCTION_DB_UNAVAILABLE,CLIENT_PENDING,Database/GCS unavailable; cards[] does not expose asset_version_id; exact FishCard-to-version binding is unprovable. The returned public image URL responded HTTP 404; this does not prove the GCS object is absent.,"{""captured_at_asia_shanghai"":""2026-10-09T15:23:09.623153+08:00"",""list_http_status"":200,""detail_http_status"":200,""detail_surface"":""cards[]"",""api_role_row_count"":1,""api_species_role_match"":""YES"",""api_card_id"":23,""api_card_status"":""ACTIVE"",""api_card_asset_version_id"":null,""knowledge_asset_version_id"":null,""knowledge_asset_status"":null,""knowledge_asset_image_url"":null,""public_image_url"":""/api/v1/fish/knowledge-media/snakehead/eco/v1.webp"",""image_http_status"":404,""image_content_type"":null,""image_size_bytes"":null,""image_sha256"":null,""evidence_files"":[""production_public_api_snapshot.json"",""production_media_http_snapshot.json""]}",BLOCKED
snakehead,黑鱼,GEAR,UNKNOWN_PRODUCTION_DB_UNAVAILABLE,UNKNOWN_PRODUCTION_DB_UNAVAILABLE,UNKNOWN_PRODUCTION_DB_UNAVAILABLE,UNKNOWN_PRODUCTION_DB_UNAVAILABLE,UNKNOWN_PRODUCTION_DB_UNAVAILABLE,ACTIVE,UNKNOWN_PRODUCTION_DB_UNAVAILABLE,UNKNOWN_PRODUCTION_DB_UNAVAILABLE,24,UNKNOWN_PRODUCTION_GCS_UNAVAILABLE,UNKNOWN_PRODUCTION_GCS_UNAVAILABLE,UNKNOWN_PRODUCTION_GCS_UNAVAILABLE,UNKNOWN_PRODUCTION_GCS_UNAVAILABLE,UNKNOWN_PRODUCTION_GCS_UNAVAILABLE,UNKNOWN_PRODUCTION_GCS_UNAVAILABLE,/api/v1/fish/knowledge-media/snakehead/gear/v1.webp,,ACTIVE,BLOCKED_CARDS_VERSION_ID_MISSING,FAIL_HTTP_404,404,,YES,1,UNKNOWN_PRODUCTION_DB_UNAVAILABLE,UNKNOWN_PRODUCTION_DB_UNAVAILABLE,UNKNOWN_PRODUCTION_DB_UNAVAILABLE,CLIENT_PENDING,Database/GCS unavailable; cards[] does not expose asset_version_id; exact FishCard-to-version binding is unprovable. The returned public image URL responded HTTP 404; this does not prove the GCS object is absent.,"{""captured_at_asia_shanghai"":""2026-10-09T15:23:09.623153+08:00"",""list_http_status"":200,""detail_http_status"":200,""detail_surface"":""cards[]"",""api_role_row_count"":1,""api_species_role_match"":""YES"",""api_card_id"":24,""api_card_status"":""ACTIVE"",""api_card_asset_version_id"":null,""knowledge_asset_version_id"":null,""knowledge_asset_status"":null,""knowledge_asset_image_url"":null,""public_image_url"":""/api/v1/fish/knowledge-media/snakehead/gear/v1.webp"",""image_http_status"":404,""image_content_type"":null,""image_size_bytes"":null,""image_sha256"":null,""evidence_files"":[""production_public_api_snapshot.json"",""production_media_http_snapshot.json""]}",BLOCKED
snakehead,黑鱼,SKILL,UNKNOWN_PRODUCTION_DB_UNAVAILABLE,UNKNOWN_PRODUCTION_DB_UNAVAILABLE,UNKNOWN_PRODUCTION_DB_UNAVAILABLE,UNKNOWN_PRODUCTION_DB_UNAVAILABLE,UNKNOWN_PRODUCTION_DB_UNAVAILABLE,ACTIVE,UNKNOWN_PRODUCTION_DB_UNAVAILABLE,UNKNOWN_PRODUCTION_DB_UNAVAILABLE,25,UNKNOWN_PRODUCTION_GCS_UNAVAILABLE,UNKNOWN_PRODUCTION_GCS_UNAVAILABLE,UNKNOWN_PRODUCTION_GCS_UNAVAILABLE,UNKNOWN_PRODUCTION_GCS_UNAVAILABLE,UNKNOWN_PRODUCTION_GCS_UNAVAILABLE,UNKNOWN_PRODUCTION_GCS_UNAVAILABLE,/api/v1/fish/knowledge-media/snakehead/skill/v1.webp,,ACTIVE,BLOCKED_CARDS_VERSION_ID_MISSING,FAIL_HTTP_404,404,,YES,1,UNKNOWN_PRODUCTION_DB_UNAVAILABLE,UNKNOWN_PRODUCTION_DB_UNAVAILABLE,UNKNOWN_PRODUCTION_DB_UNAVAILABLE,CLIENT_PENDING,Database/GCS unavailable; cards[] does not expose asset_version_id; exact FishCard-to-version binding is unprovable. The returned public image URL responded HTTP 404; this does not prove the GCS object is absent.,"{""captured_at_asia_shanghai"":""2026-10-09T15:23:09.623153+08:00"",""list_http_status"":200,""detail_http_status"":200,""detail_surface"":""cards[]"",""api_role_row_count"":1,""api_species_role_match"":""YES"",""api_card_id"":25,""api_card_status"":""ACTIVE"",""api_card_asset_version_id"":null,""knowledge_asset_version_id"":null,""knowledge_asset_status"":null,""knowledge_asset_image_url"":null,""public_image_url"":""/api/v1/fish/knowledge-media/snakehead/skill/v1.webp"",""image_http_status"":404,""image_content_type"":null,""image_size_bytes"":null,""image_sha256"":null,""evidence_files"":[""production_public_api_snapshot.json"",""production_media_http_snapshot.json""]}",BLOCKED
tilapia,罗非鱼,COVER_HERO,UNKNOWN_PRODUCTION_DB_UNAVAILABLE,UNKNOWN_PRODUCTION_DB_UNAVAILABLE,UNKNOWN_PRODUCTION_DB_UNAVAILABLE,UNKNOWN_PRODUCTION_DB_UNAVAILABLE,UNKNOWN_PRODUCTION_DB_UNAVAILABLE,UNKNOWN_NOT_EXPOSED,UNKNOWN_PRODUCTION_DB_UNAVAILABLE,UNKNOWN_PRODUCTION_DB_UNAVAILABLE,,UNKNOWN_PRODUCTION_GCS_UNAVAILABLE,UNKNOWN_PRODUCTION_GCS_UNAVAILABLE,UNKNOWN_PRODUCTION_GCS_UNAVAILABLE,UNKNOWN_PRODUCTION_GCS_UNAVAILABLE,UNKNOWN_PRODUCTION_GCS_UNAVAILABLE,UNKNOWN_PRODUCTION_GCS_UNAVAILABLE,,,UNKNOWN_NOT_EXPOSED,BLOCKED_LIST_DETAIL_VERSION_FIELDS_MISSING,NO_PUBLIC_URL_FIELD,,,API_FIELDS_ABSENT,0,UNKNOWN_PRODUCTION_DB_UNAVAILABLE,UNKNOWN_PRODUCTION_DB_UNAVAILABLE,UNKNOWN_PRODUCTION_DB_UNAVAILABLE,CLIENT_PENDING,Database/GCS unavailable; public list and detail expose no COVER_HERO URL/version/status.,"{""captured_at_asia_shanghai"":""2026-10-09T15:23:09.623153+08:00"",""list_http_status"":200,""detail_http_status"":200,""detail_surface"":""detail.cover_hero_*"",""api_role_row_count"":0,""api_species_role_match"":""API_FIELDS_ABSENT"",""api_card_id"":"""",""api_card_status"":null,""api_card_asset_version_id"":null,""knowledge_asset_version_id"":null,""knowledge_asset_status"":null,""knowledge_asset_image_url"":null,""public_image_url"":null,""image_http_status"":null,""image_content_type"":null,""image_size_bytes"":null,""image_sha256"":null,""evidence_files"":[""production_public_api_snapshot.json"",""production_media_http_snapshot.json""]}",BLOCKED
tilapia,罗非鱼,HERO,UNKNOWN_PRODUCTION_DB_UNAVAILABLE,UNKNOWN_PRODUCTION_DB_UNAVAILABLE,UNKNOWN_PRODUCTION_DB_UNAVAILABLE,UNKNOWN_PRODUCTION_DB_UNAVAILABLE,UNKNOWN_PRODUCTION_DB_UNAVAILABLE,ACTIVE,UNKNOWN_PRODUCTION_DB_UNAVAILABLE,UNKNOWN_PRODUCTION_DB_UNAVAILABLE,41,UNKNOWN_PRODUCTION_GCS_UNAVAILABLE,UNKNOWN_PRODUCTION_GCS_UNAVAILABLE,UNKNOWN_PRODUCTION_GCS_UNAVAILABLE,UNKNOWN_PRODUCTION_GCS_UNAVAILABLE,UNKNOWN_PRODUCTION_GCS_UNAVAILABLE,UNKNOWN_PRODUCTION_GCS_UNAVAILABLE,/api/v1/fish/knowledge-media/tilapia/hero/v1.webp,,ACTIVE,BLOCKED_CARDS_VERSION_ID_MISSING,FAIL_HTTP_404,404,,YES,1,UNKNOWN_PRODUCTION_DB_UNAVAILABLE,UNKNOWN_PRODUCTION_DB_UNAVAILABLE,UNKNOWN_PRODUCTION_DB_UNAVAILABLE,CLIENT_PENDING,Database/GCS unavailable; cards[] does not expose asset_version_id; exact FishCard-to-version binding is unprovable. The returned public image URL responded HTTP 404; this does not prove the GCS object is absent.,"{""captured_at_asia_shanghai"":""2026-10-09T15:23:09.623153+08:00"",""list_http_status"":200,""detail_http_status"":200,""detail_surface"":""cards[]"",""api_role_row_count"":1,""api_species_role_match"":""YES"",""api_card_id"":41,""api_card_status"":""ACTIVE"",""api_card_asset_version_id"":null,""knowledge_asset_version_id"":null,""knowledge_asset_status"":null,""knowledge_asset_image_url"":null,""public_image_url"":""/api/v1/fish/knowledge-media/tilapia/hero/v1.webp"",""image_http_status"":404,""image_content_type"":null,""image_size_bytes"":null,""image_sha256"":null,""evidence_files"":[""production_public_api_snapshot.json"",""production_media_http_snapshot.json""]}",BLOCKED
tilapia,罗非鱼,IDENTIFICATION,UNKNOWN_PRODUCTION_DB_UNAVAILABLE,UNKNOWN_PRODUCTION_DB_UNAVAILABLE,UNKNOWN_PRODUCTION_DB_UNAVAILABLE,UNKNOWN_PRODUCTION_DB_UNAVAILABLE,UNKNOWN_PRODUCTION_DB_UNAVAILABLE,ACTIVE,UNKNOWN_PRODUCTION_DB_UNAVAILABLE,UNKNOWN_PRODUCTION_DB_UNAVAILABLE,42,UNKNOWN_PRODUCTION_GCS_UNAVAILABLE,UNKNOWN_PRODUCTION_GCS_UNAVAILABLE,UNKNOWN_PRODUCTION_GCS_UNAVAILABLE,UNKNOWN_PRODUCTION_GCS_UNAVAILABLE,UNKNOWN_PRODUCTION_GCS_UNAVAILABLE,UNKNOWN_PRODUCTION_GCS_UNAVAILABLE,/api/v1/fish/knowledge-media/tilapia/identification/v1.webp,,ACTIVE,BLOCKED_CARDS_VERSION_ID_MISSING,FAIL_HTTP_404,404,,YES,1,UNKNOWN_PRODUCTION_DB_UNAVAILABLE,UNKNOWN_PRODUCTION_DB_UNAVAILABLE,UNKNOWN_PRODUCTION_DB_UNAVAILABLE,CLIENT_PENDING,Database/GCS unavailable; cards[] does not expose asset_version_id; exact FishCard-to-version binding is unprovable. The returned public image URL responded HTTP 404; this does not prove the GCS object is absent.,"{""captured_at_asia_shanghai"":""2026-10-09T15:23:09.623153+08:00"",""list_http_status"":200,""detail_http_status"":200,""detail_surface"":""cards[]"",""api_role_row_count"":1,""api_species_role_match"":""YES"",""api_card_id"":42,""api_card_status"":""ACTIVE"",""api_card_asset_version_id"":null,""knowledge_asset_version_id"":null,""knowledge_asset_status"":null,""knowledge_asset_image_url"":null,""public_image_url"":""/api/v1/fish/knowledge-media/tilapia/identification/v1.webp"",""image_http_status"":404,""image_content_type"":null,""image_size_bytes"":null,""image_sha256"":null,""evidence_files"":[""production_public_api_snapshot.json"",""production_media_http_snapshot.json""]}",BLOCKED
tilapia,罗非鱼,ECO,UNKNOWN_PRODUCTION_DB_UNAVAILABLE,UNKNOWN_PRODUCTION_DB_UNAVAILABLE,UNKNOWN_PRODUCTION_DB_UNAVAILABLE,UNKNOWN_PRODUCTION_DB_UNAVAILABLE,UNKNOWN_PRODUCTION_DB_UNAVAILABLE,ACTIVE,UNKNOWN_PRODUCTION_DB_UNAVAILABLE,UNKNOWN_PRODUCTION_DB_UNAVAILABLE,43,UNKNOWN_PRODUCTION_GCS_UNAVAILABLE,UNKNOWN_PRODUCTION_GCS_UNAVAILABLE,UNKNOWN_PRODUCTION_GCS_UNAVAILABLE,UNKNOWN_PRODUCTION_GCS_UNAVAILABLE,UNKNOWN_PRODUCTION_GCS_UNAVAILABLE,UNKNOWN_PRODUCTION_GCS_UNAVAILABLE,/api/v1/fish/knowledge-media/tilapia/eco/v1.webp,,ACTIVE,BLOCKED_CARDS_VERSION_ID_MISSING,FAIL_HTTP_404,404,,YES,1,UNKNOWN_PRODUCTION_DB_UNAVAILABLE,UNKNOWN_PRODUCTION_DB_UNAVAILABLE,UNKNOWN_PRODUCTION_DB_UNAVAILABLE,CLIENT_PENDING,Database/GCS unavailable; cards[] does not expose asset_version_id; exact FishCard-to-version binding is unprovable. The returned public image URL responded HTTP 404; this does not prove the GCS object is absent.,"{""captured_at_asia_shanghai"":""2026-10-09T15:23:09.623153+08:00"",""list_http_status"":200,""detail_http_status"":200,""detail_surface"":""cards[]"",""api_role_row_count"":1,""api_species_role_match"":""YES"",""api_card_id"":43,""api_card_status"":""ACTIVE"",""api_card_asset_version_id"":null,""knowledge_asset_version_id"":null,""knowledge_asset_status"":null,""knowledge_asset_image_url"":null,""public_image_url"":""/api/v1/fish/knowledge-media/tilapia/eco/v1.webp"",""image_http_status"":404,""image_content_type"":null,""image_size_bytes"":null,""image_sha256"":null,""evidence_files"":[""production_public_api_snapshot.json"",""production_media_http_snapshot.json""]}",BLOCKED
tilapia,罗非鱼,GEAR,UNKNOWN_PRODUCTION_DB_UNAVAILABLE,UNKNOWN_PRODUCTION_DB_UNAVAILABLE,UNKNOWN_PRODUCTION_DB_UNAVAILABLE,UNKNOWN_PRODUCTION_DB_UNAVAILABLE,UNKNOWN_PRODUCTION_DB_UNAVAILABLE,ACTIVE,UNKNOWN_PRODUCTION_DB_UNAVAILABLE,UNKNOWN_PRODUCTION_DB_UNAVAILABLE,44,UNKNOWN_PRODUCTION_GCS_UNAVAILABLE,UNKNOWN_PRODUCTION_GCS_UNAVAILABLE,UNKNOWN_PRODUCTION_GCS_UNAVAILABLE,UNKNOWN_PRODUCTION_GCS_UNAVAILABLE,UNKNOWN_PRODUCTION_GCS_UNAVAILABLE,UNKNOWN_PRODUCTION_GCS_UNAVAILABLE,/api/v1/fish/knowledge-media/tilapia/gear/v1.webp,,ACTIVE,BLOCKED_CARDS_VERSION_ID_MISSING,FAIL_HTTP_404,404,,YES,1,UNKNOWN_PRODUCTION_DB_UNAVAILABLE,UNKNOWN_PRODUCTION_DB_UNAVAILABLE,UNKNOWN_PRODUCTION_DB_UNAVAILABLE,CLIENT_PENDING,Database/GCS unavailable; cards[] does not expose asset_version_id; exact FishCard-to-version binding is unprovable. The returned public image URL responded HTTP 404; this does not prove the GCS object is absent.,"{""captured_at_asia_shanghai"":""2026-10-09T15:23:09.623153+08:00"",""list_http_status"":200,""detail_http_status"":200,""detail_surface"":""cards[]"",""api_role_row_count"":1,""api_species_role_match"":""YES"",""api_card_id"":44,""api_card_status"":""ACTIVE"",""api_card_asset_version_id"":null,""knowledge_asset_version_id"":null,""knowledge_asset_status"":null,""knowledge_asset_image_url"":null,""public_image_url"":""/api/v1/fish/knowledge-media/tilapia/gear/v1.webp"",""image_http_status"":404,""image_content_type"":null,""image_size_bytes"":null,""image_sha256"":null,""evidence_files"":[""production_public_api_snapshot.json"",""production_media_http_snapshot.json""]}",BLOCKED
tilapia,罗非鱼,SKILL,UNKNOWN_PRODUCTION_DB_UNAVAILABLE,UNKNOWN_PRODUCTION_DB_UNAVAILABLE,UNKNOWN_PRODUCTION_DB_UNAVAILABLE,UNKNOWN_PRODUCTION_DB_UNAVAILABLE,UNKNOWN_PRODUCTION_DB_UNAVAILABLE,ACTIVE,UNKNOWN_PRODUCTION_DB_UNAVAILABLE,UNKNOWN_PRODUCTION_DB_UNAVAILABLE,45,UNKNOWN_PRODUCTION_GCS_UNAVAILABLE,UNKNOWN_PRODUCTION_GCS_UNAVAILABLE,UNKNOWN_PRODUCTION_GCS_UNAVAILABLE,UNKNOWN_PRODUCTION_GCS_UNAVAILABLE,UNKNOWN_PRODUCTION_GCS_UNAVAILABLE,UNKNOWN_PRODUCTION_GCS_UNAVAILABLE,/api/v1/fish/knowledge-media/tilapia/skill/v1.webp,,ACTIVE,BLOCKED_CARDS_VERSION_ID_MISSING,FAIL_HTTP_404,404,,YES,1,UNKNOWN_PRODUCTION_DB_UNAVAILABLE,UNKNOWN_PRODUCTION_DB_UNAVAILABLE,UNKNOWN_PRODUCTION_DB_UNAVAILABLE,CLIENT_PENDING,Database/GCS unavailable; cards[] does not expose asset_version_id; exact FishCard-to-version binding is unprovable. The returned public image URL responded HTTP 404; this does not prove the GCS object is absent.,"{""captured_at_asia_shanghai"":""2026-10-09T15:23:09.623153+08:00"",""list_http_status"":200,""detail_http_status"":200,""detail_surface"":""cards[]"",""api_role_row_count"":1,""api_species_role_match"":""YES"",""api_card_id"":45,""api_card_status"":""ACTIVE"",""api_card_asset_version_id"":null,""knowledge_asset_version_id"":null,""knowledge_asset_status"":null,""knowledge_asset_image_url"":null,""public_image_url"":""/api/v1/fish/knowledge-media/tilapia/skill/v1.webp"",""image_http_status"":404,""image_content_type"":null,""image_size_bytes"":null,""image_sha256"":null,""evidence_files"":[""production_public_api_snapshot.json"",""production_media_http_snapshot.json""]}",BLOCKED
topmouth_culter,翘嘴鲌,COVER_HERO,UNKNOWN_PRODUCTION_DB_UNAVAILABLE,UNKNOWN_PRODUCTION_DB_UNAVAILABLE,UNKNOWN_PRODUCTION_DB_UNAVAILABLE,UNKNOWN_PRODUCTION_DB_UNAVAILABLE,UNKNOWN_PRODUCTION_DB_UNAVAILABLE,UNKNOWN_NOT_EXPOSED,UNKNOWN_PRODUCTION_DB_UNAVAILABLE,UNKNOWN_PRODUCTION_DB_UNAVAILABLE,,UNKNOWN_PRODUCTION_GCS_UNAVAILABLE,UNKNOWN_PRODUCTION_GCS_UNAVAILABLE,UNKNOWN_PRODUCTION_GCS_UNAVAILABLE,UNKNOWN_PRODUCTION_GCS_UNAVAILABLE,UNKNOWN_PRODUCTION_GCS_UNAVAILABLE,UNKNOWN_PRODUCTION_GCS_UNAVAILABLE,,,UNKNOWN_NOT_EXPOSED,BLOCKED_LIST_DETAIL_VERSION_FIELDS_MISSING,NO_PUBLIC_URL_FIELD,,,API_FIELDS_ABSENT,0,UNKNOWN_PRODUCTION_DB_UNAVAILABLE,UNKNOWN_PRODUCTION_DB_UNAVAILABLE,UNKNOWN_PRODUCTION_DB_UNAVAILABLE,CLIENT_PENDING,Database/GCS unavailable; public list and detail expose no COVER_HERO URL/version/status.,"{""captured_at_asia_shanghai"":""2026-10-09T15:23:09.623153+08:00"",""list_http_status"":200,""detail_http_status"":200,""detail_surface"":""detail.cover_hero_*"",""api_role_row_count"":0,""api_species_role_match"":""API_FIELDS_ABSENT"",""api_card_id"":"""",""api_card_status"":null,""api_card_asset_version_id"":null,""knowledge_asset_version_id"":null,""knowledge_asset_status"":null,""knowledge_asset_image_url"":null,""public_image_url"":null,""image_http_status"":null,""image_content_type"":null,""image_size_bytes"":null,""image_sha256"":null,""evidence_files"":[""production_public_api_snapshot.json"",""production_media_http_snapshot.json""]}",BLOCKED
topmouth_culter,翘嘴鲌,HERO,UNKNOWN_PRODUCTION_DB_UNAVAILABLE,UNKNOWN_PRODUCTION_DB_UNAVAILABLE,UNKNOWN_PRODUCTION_DB_UNAVAILABLE,UNKNOWN_PRODUCTION_DB_UNAVAILABLE,UNKNOWN_PRODUCTION_DB_UNAVAILABLE,ACTIVE,UNKNOWN_PRODUCTION_DB_UNAVAILABLE,UNKNOWN_PRODUCTION_DB_UNAVAILABLE,26,UNKNOWN_PRODUCTION_GCS_UNAVAILABLE,UNKNOWN_PRODUCTION_GCS_UNAVAILABLE,UNKNOWN_PRODUCTION_GCS_UNAVAILABLE,UNKNOWN_PRODUCTION_GCS_UNAVAILABLE,UNKNOWN_PRODUCTION_GCS_UNAVAILABLE,UNKNOWN_PRODUCTION_GCS_UNAVAILABLE,/api/v1/fish/knowledge-media/topmouth_culter/hero/v1.webp,,ACTIVE,BLOCKED_CARDS_VERSION_ID_MISSING,FAIL_HTTP_404,404,,YES,1,UNKNOWN_PRODUCTION_DB_UNAVAILABLE,UNKNOWN_PRODUCTION_DB_UNAVAILABLE,UNKNOWN_PRODUCTION_DB_UNAVAILABLE,CLIENT_PENDING,Database/GCS unavailable; cards[] does not expose asset_version_id; exact FishCard-to-version binding is unprovable. The returned public image URL responded HTTP 404; this does not prove the GCS object is absent.,"{""captured_at_asia_shanghai"":""2026-10-09T15:23:09.623153+08:00"",""list_http_status"":200,""detail_http_status"":200,""detail_surface"":""cards[]"",""api_role_row_count"":1,""api_species_role_match"":""YES"",""api_card_id"":26,""api_card_status"":""ACTIVE"",""api_card_asset_version_id"":null,""knowledge_asset_version_id"":null,""knowledge_asset_status"":null,""knowledge_asset_image_url"":null,""public_image_url"":""/api/v1/fish/knowledge-media/topmouth_culter/hero/v1.webp"",""image_http_status"":404,""image_content_type"":null,""image_size_bytes"":null,""image_sha256"":null,""evidence_files"":[""production_public_api_snapshot.json"",""production_media_http_snapshot.json""]}",BLOCKED
topmouth_culter,翘嘴鲌,IDENTIFICATION,UNKNOWN_PRODUCTION_DB_UNAVAILABLE,UNKNOWN_PRODUCTION_DB_UNAVAILABLE,UNKNOWN_PRODUCTION_DB_UNAVAILABLE,UNKNOWN_PRODUCTION_DB_UNAVAILABLE,UNKNOWN_PRODUCTION_DB_UNAVAILABLE,ACTIVE,UNKNOWN_PRODUCTION_DB_UNAVAILABLE,UNKNOWN_PRODUCTION_DB_UNAVAILABLE,27,UNKNOWN_PRODUCTION_GCS_UNAVAILABLE,UNKNOWN_PRODUCTION_GCS_UNAVAILABLE,UNKNOWN_PRODUCTION_GCS_UNAVAILABLE,UNKNOWN_PRODUCTION_GCS_UNAVAILABLE,UNKNOWN_PRODUCTION_GCS_UNAVAILABLE,UNKNOWN_PRODUCTION_GCS_UNAVAILABLE,/api/v1/fish/knowledge-media/topmouth_culter/identification/v1.webp,,ACTIVE,BLOCKED_CARDS_VERSION_ID_MISSING,FAIL_HTTP_404,404,,YES,1,UNKNOWN_PRODUCTION_DB_UNAVAILABLE,UNKNOWN_PRODUCTION_DB_UNAVAILABLE,UNKNOWN_PRODUCTION_DB_UNAVAILABLE,CLIENT_PENDING,Database/GCS unavailable; cards[] does not expose asset_version_id; exact FishCard-to-version binding is unprovable. The returned public image URL responded HTTP 404; this does not prove the GCS object is absent.,"{""captured_at_asia_shanghai"":""2026-10-09T15:23:09.623153+08:00"",""list_http_status"":200,""detail_http_status"":200,""detail_surface"":""cards[]"",""api_role_row_count"":1,""api_species_role_match"":""YES"",""api_card_id"":27,""api_card_status"":""ACTIVE"",""api_card_asset_version_id"":null,""knowledge_asset_version_id"":null,""knowledge_asset_status"":null,""knowledge_asset_image_url"":null,""public_image_url"":""/api/v1/fish/knowledge-media/topmouth_culter/identification/v1.webp"",""image_http_status"":404,""image_content_type"":null,""image_size_bytes"":null,""image_sha256"":null,""evidence_files"":[""production_public_api_snapshot.json"",""production_media_http_snapshot.json""]}",BLOCKED
topmouth_culter,翘嘴鲌,ECO,UNKNOWN_PRODUCTION_DB_UNAVAILABLE,UNKNOWN_PRODUCTION_DB_UNAVAILABLE,UNKNOWN_PRODUCTION_DB_UNAVAILABLE,UNKNOWN_PRODUCTION_DB_UNAVAILABLE,UNKNOWN_PRODUCTION_DB_UNAVAILABLE,ACTIVE,UNKNOWN_PRODUCTION_DB_UNAVAILABLE,UNKNOWN_PRODUCTION_DB_UNAVAILABLE,28,UNKNOWN_PRODUCTION_GCS_UNAVAILABLE,UNKNOWN_PRODUCTION_GCS_UNAVAILABLE,UNKNOWN_PRODUCTION_GCS_UNAVAILABLE,UNKNOWN_PRODUCTION_GCS_UNAVAILABLE,UNKNOWN_PRODUCTION_GCS_UNAVAILABLE,UNKNOWN_PRODUCTION_GCS_UNAVAILABLE,/api/v1/fish/knowledge-media/topmouth_culter/eco/v1.webp,,ACTIVE,BLOCKED_CARDS_VERSION_ID_MISSING,FAIL_HTTP_404,404,,YES,1,UNKNOWN_PRODUCTION_DB_UNAVAILABLE,UNKNOWN_PRODUCTION_DB_UNAVAILABLE,UNKNOWN_PRODUCTION_DB_UNAVAILABLE,CLIENT_PENDING,Database/GCS unavailable; cards[] does not expose asset_version_id; exact FishCard-to-version binding is unprovable. The returned public image URL responded HTTP 404; this does not prove the GCS object is absent.,"{""captured_at_asia_shanghai"":""2026-10-09T15:23:09.623153+08:00"",""list_http_status"":200,""detail_http_status"":200,""detail_surface"":""cards[]"",""api_role_row_count"":1,""api_species_role_match"":""YES"",""api_card_id"":28,""api_card_status"":""ACTIVE"",""api_card_asset_version_id"":null,""knowledge_asset_version_id"":null,""knowledge_asset_status"":null,""knowledge_asset_image_url"":null,""public_image_url"":""/api/v1/fish/knowledge-media/topmouth_culter/eco/v1.webp"",""image_http_status"":404,""image_content_type"":null,""image_size_bytes"":null,""image_sha256"":null,""evidence_files"":[""production_public_api_snapshot.json"",""production_media_http_snapshot.json""]}",BLOCKED
topmouth_culter,翘嘴鲌,GEAR,UNKNOWN_PRODUCTION_DB_UNAVAILABLE,UNKNOWN_PRODUCTION_DB_UNAVAILABLE,UNKNOWN_PRODUCTION_DB_UNAVAILABLE,UNKNOWN_PRODUCTION_DB_UNAVAILABLE,UNKNOWN_PRODUCTION_DB_UNAVAILABLE,ACTIVE,UNKNOWN_PRODUCTION_DB_UNAVAILABLE,UNKNOWN_PRODUCTION_DB_UNAVAILABLE,29,UNKNOWN_PRODUCTION_GCS_UNAVAILABLE,UNKNOWN_PRODUCTION_GCS_UNAVAILABLE,UNKNOWN_PRODUCTION_GCS_UNAVAILABLE,UNKNOWN_PRODUCTION_GCS_UNAVAILABLE,UNKNOWN_PRODUCTION_GCS_UNAVAILABLE,UNKNOWN_PRODUCTION_GCS_UNAVAILABLE,/api/v1/fish/knowledge-media/topmouth_culter/gear/v1.webp,,ACTIVE,BLOCKED_CARDS_VERSION_ID_MISSING,FAIL_HTTP_404,404,,YES,1,UNKNOWN_PRODUCTION_DB_UNAVAILABLE,UNKNOWN_PRODUCTION_DB_UNAVAILABLE,UNKNOWN_PRODUCTION_DB_UNAVAILABLE,CLIENT_PENDING,Database/GCS unavailable; cards[] does not expose asset_version_id; exact FishCard-to-version binding is unprovable. The returned public image URL responded HTTP 404; this does not prove the GCS object is absent.,"{""captured_at_asia_shanghai"":""2026-10-09T15:23:09.623153+08:00"",""list_http_status"":200,""detail_http_status"":200,""detail_surface"":""cards[]"",""api_role_row_count"":1,""api_species_role_match"":""YES"",""api_card_id"":29,""api_card_status"":""ACTIVE"",""api_card_asset_version_id"":null,""knowledge_asset_version_id"":null,""knowledge_asset_status"":null,""knowledge_asset_image_url"":null,""public_image_url"":""/api/v1/fish/knowledge-media/topmouth_culter/gear/v1.webp"",""image_http_status"":404,""image_content_type"":null,""image_size_bytes"":null,""image_sha256"":null,""evidence_files"":[""production_public_api_snapshot.json"",""production_media_http_snapshot.json""]}",BLOCKED
topmouth_culter,翘嘴鲌,SKILL,UNKNOWN_PRODUCTION_DB_UNAVAILABLE,UNKNOWN_PRODUCTION_DB_UNAVAILABLE,UNKNOWN_PRODUCTION_DB_UNAVAILABLE,UNKNOWN_PRODUCTION_DB_UNAVAILABLE,UNKNOWN_PRODUCTION_DB_UNAVAILABLE,ACTIVE,UNKNOWN_PRODUCTION_DB_UNAVAILABLE,UNKNOWN_PRODUCTION_DB_UNAVAILABLE,30,UNKNOWN_PRODUCTION_GCS_UNAVAILABLE,UNKNOWN_PRODUCTION_GCS_UNAVAILABLE,UNKNOWN_PRODUCTION_GCS_UNAVAILABLE,UNKNOWN_PRODUCTION_GCS_UNAVAILABLE,UNKNOWN_PRODUCTION_GCS_UNAVAILABLE,UNKNOWN_PRODUCTION_GCS_UNAVAILABLE,/api/v1/fish/knowledge-media/topmouth_culter/skill/v1.webp,,ACTIVE,BLOCKED_CARDS_VERSION_ID_MISSING,FAIL_HTTP_404,404,,YES,1,UNKNOWN_PRODUCTION_DB_UNAVAILABLE,UNKNOWN_PRODUCTION_DB_UNAVAILABLE,UNKNOWN_PRODUCTION_DB_UNAVAILABLE,CLIENT_PENDING,Database/GCS unavailable; cards[] does not expose asset_version_id; exact FishCard-to-version binding is unprovable. The returned public image URL responded HTTP 404; this does not prove the GCS object is absent.,"{""captured_at_asia_shanghai"":""2026-10-09T15:23:09.623153+08:00"",""list_http_status"":200,""detail_http_status"":200,""detail_surface"":""cards[]"",""api_role_row_count"":1,""api_species_role_match"":""YES"",""api_card_id"":30,""api_card_status"":""ACTIVE"",""api_card_asset_version_id"":null,""knowledge_asset_version_id"":null,""knowledge_asset_status"":null,""knowledge_asset_image_url"":null,""public_image_url"":""/api/v1/fish/knowledge-media/topmouth_culter/skill/v1.webp"",""image_http_status"":404,""image_content_type"":null,""image_size_bytes"":null,""image_sha256"":null,""evidence_files"":[""production_public_api_snapshot.json"",""production_media_http_snapshot.json""]}",BLOCKED
yellow_catfish,黄骨鱼,COVER_HERO,UNKNOWN_PRODUCTION_DB_UNAVAILABLE,UNKNOWN_PRODUCTION_DB_UNAVAILABLE,UNKNOWN_PRODUCTION_DB_UNAVAILABLE,UNKNOWN_PRODUCTION_DB_UNAVAILABLE,UNKNOWN_PRODUCTION_DB_UNAVAILABLE,UNKNOWN_NOT_EXPOSED,UNKNOWN_PRODUCTION_DB_UNAVAILABLE,UNKNOWN_PRODUCTION_DB_UNAVAILABLE,,UNKNOWN_PRODUCTION_GCS_UNAVAILABLE,UNKNOWN_PRODUCTION_GCS_UNAVAILABLE,UNKNOWN_PRODUCTION_GCS_UNAVAILABLE,UNKNOWN_PRODUCTION_GCS_UNAVAILABLE,UNKNOWN_PRODUCTION_GCS_UNAVAILABLE,UNKNOWN_PRODUCTION_GCS_UNAVAILABLE,,,UNKNOWN_NOT_EXPOSED,BLOCKED_LIST_DETAIL_VERSION_FIELDS_MISSING,NO_PUBLIC_URL_FIELD,,,API_FIELDS_ABSENT,0,UNKNOWN_PRODUCTION_DB_UNAVAILABLE,UNKNOWN_PRODUCTION_DB_UNAVAILABLE,UNKNOWN_PRODUCTION_DB_UNAVAILABLE,CLIENT_PENDING,Database/GCS unavailable; public list and detail expose no COVER_HERO URL/version/status.,"{""captured_at_asia_shanghai"":""2026-10-09T15:23:09.623153+08:00"",""list_http_status"":200,""detail_http_status"":200,""detail_surface"":""detail.cover_hero_*"",""api_role_row_count"":0,""api_species_role_match"":""API_FIELDS_ABSENT"",""api_card_id"":"""",""api_card_status"":null,""api_card_asset_version_id"":null,""knowledge_asset_version_id"":null,""knowledge_asset_status"":null,""knowledge_asset_image_url"":null,""public_image_url"":null,""image_http_status"":null,""image_content_type"":null,""image_size_bytes"":null,""image_sha256"":null,""evidence_files"":[""production_public_api_snapshot.json"",""production_media_http_snapshot.json""]}",BLOCKED
yellow_catfish,黄骨鱼,HERO,UNKNOWN_PRODUCTION_DB_UNAVAILABLE,UNKNOWN_PRODUCTION_DB_UNAVAILABLE,UNKNOWN_PRODUCTION_DB_UNAVAILABLE,UNKNOWN_PRODUCTION_DB_UNAVAILABLE,UNKNOWN_PRODUCTION_DB_UNAVAILABLE,ACTIVE,UNKNOWN_PRODUCTION_DB_UNAVAILABLE,UNKNOWN_PRODUCTION_DB_UNAVAILABLE,66,UNKNOWN_PRODUCTION_GCS_UNAVAILABLE,UNKNOWN_PRODUCTION_GCS_UNAVAILABLE,UNKNOWN_PRODUCTION_GCS_UNAVAILABLE,UNKNOWN_PRODUCTION_GCS_UNAVAILABLE,UNKNOWN_PRODUCTION_GCS_UNAVAILABLE,UNKNOWN_PRODUCTION_GCS_UNAVAILABLE,/api/v1/fish/knowledge-media/yellow_catfish/hero/v1.webp,,ACTIVE,BLOCKED_CARDS_VERSION_ID_MISSING,FAIL_HTTP_404,404,,YES,1,UNKNOWN_PRODUCTION_DB_UNAVAILABLE,UNKNOWN_PRODUCTION_DB_UNAVAILABLE,UNKNOWN_PRODUCTION_DB_UNAVAILABLE,CLIENT_PENDING,Database/GCS unavailable; cards[] does not expose asset_version_id; exact FishCard-to-version binding is unprovable. The returned public image URL responded HTTP 404; this does not prove the GCS object is absent.,"{""captured_at_asia_shanghai"":""2026-10-09T15:23:09.623153+08:00"",""list_http_status"":200,""detail_http_status"":200,""detail_surface"":""cards[]"",""api_role_row_count"":1,""api_species_role_match"":""YES"",""api_card_id"":66,""api_card_status"":""ACTIVE"",""api_card_asset_version_id"":null,""knowledge_asset_version_id"":null,""knowledge_asset_status"":null,""knowledge_asset_image_url"":null,""public_image_url"":""/api/v1/fish/knowledge-media/yellow_catfish/hero/v1.webp"",""image_http_status"":404,""image_content_type"":null,""image_size_bytes"":null,""image_sha256"":null,""evidence_files"":[""production_public_api_snapshot.json"",""production_media_http_snapshot.json""]}",BLOCKED
yellow_catfish,黄骨鱼,IDENTIFICATION,UNKNOWN_PRODUCTION_DB_UNAVAILABLE,UNKNOWN_PRODUCTION_DB_UNAVAILABLE,UNKNOWN_PRODUCTION_DB_UNAVAILABLE,UNKNOWN_PRODUCTION_DB_UNAVAILABLE,UNKNOWN_PRODUCTION_DB_UNAVAILABLE,ACTIVE,UNKNOWN_PRODUCTION_DB_UNAVAILABLE,UNKNOWN_PRODUCTION_DB_UNAVAILABLE,67,UNKNOWN_PRODUCTION_GCS_UNAVAILABLE,UNKNOWN_PRODUCTION_GCS_UNAVAILABLE,UNKNOWN_PRODUCTION_GCS_UNAVAILABLE,UNKNOWN_PRODUCTION_GCS_UNAVAILABLE,UNKNOWN_PRODUCTION_GCS_UNAVAILABLE,UNKNOWN_PRODUCTION_GCS_UNAVAILABLE,/api/v1/fish/knowledge-media/yellow_catfish/identification/v1.webp,,ACTIVE,BLOCKED_CARDS_VERSION_ID_MISSING,FAIL_HTTP_404,404,,YES,1,UNKNOWN_PRODUCTION_DB_UNAVAILABLE,UNKNOWN_PRODUCTION_DB_UNAVAILABLE,UNKNOWN_PRODUCTION_DB_UNAVAILABLE,CLIENT_PENDING,Database/GCS unavailable; cards[] does not expose asset_version_id; exact FishCard-to-version binding is unprovable. The returned public image URL responded HTTP 404; this does not prove the GCS object is absent.,"{""captured_at_asia_shanghai"":""2026-10-09T15:23:09.623153+08:00"",""list_http_status"":200,""detail_http_status"":200,""detail_surface"":""cards[]"",""api_role_row_count"":1,""api_species_role_match"":""YES"",""api_card_id"":67,""api_card_status"":""ACTIVE"",""api_card_asset_version_id"":null,""knowledge_asset_version_id"":null,""knowledge_asset_status"":null,""knowledge_asset_image_url"":null,""public_image_url"":""/api/v1/fish/knowledge-media/yellow_catfish/identification/v1.webp"",""image_http_status"":404,""image_content_type"":null,""image_size_bytes"":null,""image_sha256"":null,""evidence_files"":[""production_public_api_snapshot.json"",""production_media_http_snapshot.json""]}",BLOCKED
yellow_catfish,黄骨鱼,ECO,UNKNOWN_PRODUCTION_DB_UNAVAILABLE,UNKNOWN_PRODUCTION_DB_UNAVAILABLE,UNKNOWN_PRODUCTION_DB_UNAVAILABLE,UNKNOWN_PRODUCTION_DB_UNAVAILABLE,UNKNOWN_PRODUCTION_DB_UNAVAILABLE,ACTIVE,UNKNOWN_PRODUCTION_DB_UNAVAILABLE,UNKNOWN_PRODUCTION_DB_UNAVAILABLE,68,UNKNOWN_PRODUCTION_GCS_UNAVAILABLE,UNKNOWN_PRODUCTION_GCS_UNAVAILABLE,UNKNOWN_PRODUCTION_GCS_UNAVAILABLE,UNKNOWN_PRODUCTION_GCS_UNAVAILABLE,UNKNOWN_PRODUCTION_GCS_UNAVAILABLE,UNKNOWN_PRODUCTION_GCS_UNAVAILABLE,/api/v1/fish/knowledge-media/yellow_catfish/eco/v1.webp,,ACTIVE,BLOCKED_CARDS_VERSION_ID_MISSING,FAIL_HTTP_404,404,,YES,1,UNKNOWN_PRODUCTION_DB_UNAVAILABLE,UNKNOWN_PRODUCTION_DB_UNAVAILABLE,UNKNOWN_PRODUCTION_DB_UNAVAILABLE,CLIENT_PENDING,Database/GCS unavailable; cards[] does not expose asset_version_id; exact FishCard-to-version binding is unprovable. The returned public image URL responded HTTP 404; this does not prove the GCS object is absent.,"{""captured_at_asia_shanghai"":""2026-10-09T15:23:09.623153+08:00"",""list_http_status"":200,""detail_http_status"":200,""detail_surface"":""cards[]"",""api_role_row_count"":1,""api_species_role_match"":""YES"",""api_card_id"":68,""api_card_status"":""ACTIVE"",""api_card_asset_version_id"":null,""knowledge_asset_version_id"":null,""knowledge_asset_status"":null,""knowledge_asset_image_url"":null,""public_image_url"":""/api/v1/fish/knowledge-media/yellow_catfish/eco/v1.webp"",""image_http_status"":404,""image_content_type"":null,""image_size_bytes"":null,""image_sha256"":null,""evidence_files"":[""production_public_api_snapshot.json"",""production_media_http_snapshot.json""]}",BLOCKED
yellow_catfish,黄骨鱼,GEAR,UNKNOWN_PRODUCTION_DB_UNAVAILABLE,UNKNOWN_PRODUCTION_DB_UNAVAILABLE,UNKNOWN_PRODUCTION_DB_UNAVAILABLE,UNKNOWN_PRODUCTION_DB_UNAVAILABLE,UNKNOWN_PRODUCTION_DB_UNAVAILABLE,ACTIVE,UNKNOWN_PRODUCTION_DB_UNAVAILABLE,UNKNOWN_PRODUCTION_DB_UNAVAILABLE,69,UNKNOWN_PRODUCTION_GCS_UNAVAILABLE,UNKNOWN_PRODUCTION_GCS_UNAVAILABLE,UNKNOWN_PRODUCTION_GCS_UNAVAILABLE,UNKNOWN_PRODUCTION_GCS_UNAVAILABLE,UNKNOWN_PRODUCTION_GCS_UNAVAILABLE,UNKNOWN_PRODUCTION_GCS_UNAVAILABLE,/api/v1/fish/knowledge-media/yellow_catfish/gear/v1.webp,,ACTIVE,BLOCKED_CARDS_VERSION_ID_MISSING,FAIL_HTTP_404,404,,YES,1,UNKNOWN_PRODUCTION_DB_UNAVAILABLE,UNKNOWN_PRODUCTION_DB_UNAVAILABLE,UNKNOWN_PRODUCTION_DB_UNAVAILABLE,CLIENT_PENDING,Database/GCS unavailable; cards[] does not expose asset_version_id; exact FishCard-to-version binding is unprovable. The returned public image URL responded HTTP 404; this does not prove the GCS object is absent.,"{""captured_at_asia_shanghai"":""2026-10-09T15:23:09.623153+08:00"",""list_http_status"":200,""detail_http_status"":200,""detail_surface"":""cards[]"",""api_role_row_count"":1,""api_species_role_match"":""YES"",""api_card_id"":69,""api_card_status"":""ACTIVE"",""api_card_asset_version_id"":null,""knowledge_asset_version_id"":null,""knowledge_asset_status"":null,""knowledge_asset_image_url"":null,""public_image_url"":""/api/v1/fish/knowledge-media/yellow_catfish/gear/v1.webp"",""image_http_status"":404,""image_content_type"":null,""image_size_bytes"":null,""image_sha256"":null,""evidence_files"":[""production_public_api_snapshot.json"",""production_media_http_snapshot.json""]}",BLOCKED
yellow_catfish,黄骨鱼,SKILL,UNKNOWN_PRODUCTION_DB_UNAVAILABLE,UNKNOWN_PRODUCTION_DB_UNAVAILABLE,UNKNOWN_PRODUCTION_DB_UNAVAILABLE,UNKNOWN_PRODUCTION_DB_UNAVAILABLE,UNKNOWN_PRODUCTION_DB_UNAVAILABLE,ACTIVE,UNKNOWN_PRODUCTION_DB_UNAVAILABLE,UNKNOWN_PRODUCTION_DB_UNAVAILABLE,70,UNKNOWN_PRODUCTION_GCS_UNAVAILABLE,UNKNOWN_PRODUCTION_GCS_UNAVAILABLE,UNKNOWN_PRODUCTION_GCS_UNAVAILABLE,UNKNOWN_PRODUCTION_GCS_UNAVAILABLE,UNKNOWN_PRODUCTION_GCS_UNAVAILABLE,UNKNOWN_PRODUCTION_GCS_UNAVAILABLE,/api/v1/fish/knowledge-media/yellow_catfish/skill/v1.webp,,ACTIVE,BLOCKED_CARDS_VERSION_ID_MISSING,FAIL_HTTP_404,404,,YES,1,UNKNOWN_PRODUCTION_DB_UNAVAILABLE,UNKNOWN_PRODUCTION_DB_UNAVAILABLE,UNKNOWN_PRODUCTION_DB_UNAVAILABLE,CLIENT_PENDING,Database/GCS unavailable; cards[] does not expose asset_version_id; exact FishCard-to-version binding is unprovable. The returned public image URL responded HTTP 404; this does not prove the GCS object is absent.,"{""captured_at_asia_shanghai"":""2026-10-09T15:23:09.623153+08:00"",""list_http_status"":200,""detail_http_status"":200,""detail_surface"":""cards[]"",""api_role_row_count"":1,""api_species_role_match"":""YES"",""api_card_id"":70,""api_card_status"":""ACTIVE"",""api_card_asset_version_id"":null,""knowledge_asset_version_id"":null,""knowledge_asset_status"":null,""knowledge_asset_image_url"":null,""public_image_url"":""/api/v1/fish/knowledge-media/yellow_catfish/skill/v1.webp"",""image_http_status"":404,""image_content_type"":null,""image_size_bytes"":null,""image_sha256"":null,""evidence_files"":[""production_public_api_snapshot.json"",""production_media_http_snapshot.json""]}",BLOCKED
yellowcheek,鳡鱼,COVER_HERO,UNKNOWN_PRODUCTION_DB_UNAVAILABLE,UNKNOWN_PRODUCTION_DB_UNAVAILABLE,UNKNOWN_PRODUCTION_DB_UNAVAILABLE,UNKNOWN_PRODUCTION_DB_UNAVAILABLE,UNKNOWN_PRODUCTION_DB_UNAVAILABLE,UNKNOWN_NOT_EXPOSED,UNKNOWN_PRODUCTION_DB_UNAVAILABLE,UNKNOWN_PRODUCTION_DB_UNAVAILABLE,,UNKNOWN_PRODUCTION_GCS_UNAVAILABLE,UNKNOWN_PRODUCTION_GCS_UNAVAILABLE,UNKNOWN_PRODUCTION_GCS_UNAVAILABLE,UNKNOWN_PRODUCTION_GCS_UNAVAILABLE,UNKNOWN_PRODUCTION_GCS_UNAVAILABLE,UNKNOWN_PRODUCTION_GCS_UNAVAILABLE,,,UNKNOWN_NOT_EXPOSED,BLOCKED_LIST_DETAIL_VERSION_FIELDS_MISSING,NO_PUBLIC_URL_FIELD,,,API_FIELDS_ABSENT,0,UNKNOWN_PRODUCTION_DB_UNAVAILABLE,UNKNOWN_PRODUCTION_DB_UNAVAILABLE,UNKNOWN_PRODUCTION_DB_UNAVAILABLE,CLIENT_PENDING,Database/GCS unavailable; public list and detail expose no COVER_HERO URL/version/status.,"{""captured_at_asia_shanghai"":""2026-10-09T15:23:09.623153+08:00"",""list_http_status"":200,""detail_http_status"":200,""detail_surface"":""detail.cover_hero_*"",""api_role_row_count"":0,""api_species_role_match"":""API_FIELDS_ABSENT"",""api_card_id"":"""",""api_card_status"":null,""api_card_asset_version_id"":null,""knowledge_asset_version_id"":null,""knowledge_asset_status"":null,""knowledge_asset_image_url"":null,""public_image_url"":null,""image_http_status"":null,""image_content_type"":null,""image_size_bytes"":null,""image_sha256"":null,""evidence_files"":[""production_public_api_snapshot.json"",""production_media_http_snapshot.json""]}",BLOCKED
yellowcheek,鳡鱼,HERO,UNKNOWN_PRODUCTION_DB_UNAVAILABLE,UNKNOWN_PRODUCTION_DB_UNAVAILABLE,UNKNOWN_PRODUCTION_DB_UNAVAILABLE,UNKNOWN_PRODUCTION_DB_UNAVAILABLE,UNKNOWN_PRODUCTION_DB_UNAVAILABLE,ACTIVE,UNKNOWN_PRODUCTION_DB_UNAVAILABLE,UNKNOWN_PRODUCTION_DB_UNAVAILABLE,276,UNKNOWN_PRODUCTION_GCS_UNAVAILABLE,UNKNOWN_PRODUCTION_GCS_UNAVAILABLE,UNKNOWN_PRODUCTION_GCS_UNAVAILABLE,UNKNOWN_PRODUCTION_GCS_UNAVAILABLE,UNKNOWN_PRODUCTION_GCS_UNAVAILABLE,UNKNOWN_PRODUCTION_GCS_UNAVAILABLE,/api/v1/fish/knowledge-media/yellowcheek/hero/v1.webp,,ACTIVE,BLOCKED_CARDS_VERSION_ID_MISSING,FAIL_HTTP_404,404,,YES,1,UNKNOWN_PRODUCTION_DB_UNAVAILABLE,UNKNOWN_PRODUCTION_DB_UNAVAILABLE,UNKNOWN_PRODUCTION_DB_UNAVAILABLE,CLIENT_PENDING,Database/GCS unavailable; cards[] does not expose asset_version_id; exact FishCard-to-version binding is unprovable. The returned public image URL responded HTTP 404; this does not prove the GCS object is absent.,"{""captured_at_asia_shanghai"":""2026-10-09T15:23:09.623153+08:00"",""list_http_status"":200,""detail_http_status"":200,""detail_surface"":""cards[]"",""api_role_row_count"":1,""api_species_role_match"":""YES"",""api_card_id"":276,""api_card_status"":""ACTIVE"",""api_card_asset_version_id"":null,""knowledge_asset_version_id"":null,""knowledge_asset_status"":null,""knowledge_asset_image_url"":null,""public_image_url"":""/api/v1/fish/knowledge-media/yellowcheek/hero/v1.webp"",""image_http_status"":404,""image_content_type"":null,""image_size_bytes"":null,""image_sha256"":null,""evidence_files"":[""production_public_api_snapshot.json"",""production_media_http_snapshot.json""]}",BLOCKED
yellowcheek,鳡鱼,IDENTIFICATION,UNKNOWN_PRODUCTION_DB_UNAVAILABLE,UNKNOWN_PRODUCTION_DB_UNAVAILABLE,UNKNOWN_PRODUCTION_DB_UNAVAILABLE,UNKNOWN_PRODUCTION_DB_UNAVAILABLE,UNKNOWN_PRODUCTION_DB_UNAVAILABLE,ACTIVE,UNKNOWN_PRODUCTION_DB_UNAVAILABLE,UNKNOWN_PRODUCTION_DB_UNAVAILABLE,277,UNKNOWN_PRODUCTION_GCS_UNAVAILABLE,UNKNOWN_PRODUCTION_GCS_UNAVAILABLE,UNKNOWN_PRODUCTION_GCS_UNAVAILABLE,UNKNOWN_PRODUCTION_GCS_UNAVAILABLE,UNKNOWN_PRODUCTION_GCS_UNAVAILABLE,UNKNOWN_PRODUCTION_GCS_UNAVAILABLE,/api/v1/fish/knowledge-media/yellowcheek/identification/v1.webp,,ACTIVE,BLOCKED_CARDS_VERSION_ID_MISSING,FAIL_HTTP_404,404,,YES,1,UNKNOWN_PRODUCTION_DB_UNAVAILABLE,UNKNOWN_PRODUCTION_DB_UNAVAILABLE,UNKNOWN_PRODUCTION_DB_UNAVAILABLE,CLIENT_PENDING,Database/GCS unavailable; cards[] does not expose asset_version_id; exact FishCard-to-version binding is unprovable. The returned public image URL responded HTTP 404; this does not prove the GCS object is absent.,"{""captured_at_asia_shanghai"":""2026-10-09T15:23:09.623153+08:00"",""list_http_status"":200,""detail_http_status"":200,""detail_surface"":""cards[]"",""api_role_row_count"":1,""api_species_role_match"":""YES"",""api_card_id"":277,""api_card_status"":""ACTIVE"",""api_card_asset_version_id"":null,""knowledge_asset_version_id"":null,""knowledge_asset_status"":null,""knowledge_asset_image_url"":null,""public_image_url"":""/api/v1/fish/knowledge-media/yellowcheek/identification/v1.webp"",""image_http_status"":404,""image_content_type"":null,""image_size_bytes"":null,""image_sha256"":null,""evidence_files"":[""production_public_api_snapshot.json"",""production_media_http_snapshot.json""]}",BLOCKED
yellowcheek,鳡鱼,ECO,UNKNOWN_PRODUCTION_DB_UNAVAILABLE,UNKNOWN_PRODUCTION_DB_UNAVAILABLE,UNKNOWN_PRODUCTION_DB_UNAVAILABLE,UNKNOWN_PRODUCTION_DB_UNAVAILABLE,UNKNOWN_PRODUCTION_DB_UNAVAILABLE,ACTIVE,UNKNOWN_PRODUCTION_DB_UNAVAILABLE,UNKNOWN_PRODUCTION_DB_UNAVAILABLE,278,UNKNOWN_PRODUCTION_GCS_UNAVAILABLE,UNKNOWN_PRODUCTION_GCS_UNAVAILABLE,UNKNOWN_PRODUCTION_GCS_UNAVAILABLE,UNKNOWN_PRODUCTION_GCS_UNAVAILABLE,UNKNOWN_PRODUCTION_GCS_UNAVAILABLE,UNKNOWN_PRODUCTION_GCS_UNAVAILABLE,/api/v1/fish/knowledge-media/yellowcheek/eco/v1.webp,,ACTIVE,BLOCKED_CARDS_VERSION_ID_MISSING,FAIL_HTTP_404,404,,YES,1,UNKNOWN_PRODUCTION_DB_UNAVAILABLE,UNKNOWN_PRODUCTION_DB_UNAVAILABLE,UNKNOWN_PRODUCTION_DB_UNAVAILABLE,CLIENT_PENDING,Database/GCS unavailable; cards[] does not expose asset_version_id; exact FishCard-to-version binding is unprovable. The returned public image URL responded HTTP 404; this does not prove the GCS object is absent.,"{""captured_at_asia_shanghai"":""2026-10-09T15:23:09.623153+08:00"",""list_http_status"":200,""detail_http_status"":200,""detail_surface"":""cards[]"",""api_role_row_count"":1,""api_species_role_match"":""YES"",""api_card_id"":278,""api_card_status"":""ACTIVE"",""api_card_asset_version_id"":null,""knowledge_asset_version_id"":null,""knowledge_asset_status"":null,""knowledge_asset_image_url"":null,""public_image_url"":""/api/v1/fish/knowledge-media/yellowcheek/eco/v1.webp"",""image_http_status"":404,""image_content_type"":null,""image_size_bytes"":null,""image_sha256"":null,""evidence_files"":[""production_public_api_snapshot.json"",""production_media_http_snapshot.json""]}",BLOCKED
yellowcheek,鳡鱼,GEAR,UNKNOWN_PRODUCTION_DB_UNAVAILABLE,UNKNOWN_PRODUCTION_DB_UNAVAILABLE,UNKNOWN_PRODUCTION_DB_UNAVAILABLE,UNKNOWN_PRODUCTION_DB_UNAVAILABLE,UNKNOWN_PRODUCTION_DB_UNAVAILABLE,ACTIVE,UNKNOWN_PRODUCTION_DB_UNAVAILABLE,UNKNOWN_PRODUCTION_DB_UNAVAILABLE,279,UNKNOWN_PRODUCTION_GCS_UNAVAILABLE,UNKNOWN_PRODUCTION_GCS_UNAVAILABLE,UNKNOWN_PRODUCTION_GCS_UNAVAILABLE,UNKNOWN_PRODUCTION_GCS_UNAVAILABLE,UNKNOWN_PRODUCTION_GCS_UNAVAILABLE,UNKNOWN_PRODUCTION_GCS_UNAVAILABLE,/api/v1/fish/knowledge-media/yellowcheek/gear/v1.webp,,ACTIVE,BLOCKED_CARDS_VERSION_ID_MISSING,FAIL_HTTP_404,404,,YES,1,UNKNOWN_PRODUCTION_DB_UNAVAILABLE,UNKNOWN_PRODUCTION_DB_UNAVAILABLE,UNKNOWN_PRODUCTION_DB_UNAVAILABLE,CLIENT_PENDING,Database/GCS unavailable; cards[] does not expose asset_version_id; exact FishCard-to-version binding is unprovable. The returned public image URL responded HTTP 404; this does not prove the GCS object is absent.,"{""captured_at_asia_shanghai"":""2026-10-09T15:23:09.623153+08:00"",""list_http_status"":200,""detail_http_status"":200,""detail_surface"":""cards[]"",""api_role_row_count"":1,""api_species_role_match"":""YES"",""api_card_id"":279,""api_card_status"":""ACTIVE"",""api_card_asset_version_id"":null,""knowledge_asset_version_id"":null,""knowledge_asset_status"":null,""knowledge_asset_image_url"":null,""public_image_url"":""/api/v1/fish/knowledge-media/yellowcheek/gear/v1.webp"",""image_http_status"":404,""image_content_type"":null,""image_size_bytes"":null,""image_sha256"":null,""evidence_files"":[""production_public_api_snapshot.json"",""production_media_http_snapshot.json""]}",BLOCKED
yellowcheek,鳡鱼,SKILL,UNKNOWN_PRODUCTION_DB_UNAVAILABLE,UNKNOWN_PRODUCTION_DB_UNAVAILABLE,UNKNOWN_PRODUCTION_DB_UNAVAILABLE,UNKNOWN_PRODUCTION_DB_UNAVAILABLE,UNKNOWN_PRODUCTION_DB_UNAVAILABLE,ACTIVE,UNKNOWN_PRODUCTION_DB_UNAVAILABLE,UNKNOWN_PRODUCTION_DB_UNAVAILABLE,280,UNKNOWN_PRODUCTION_GCS_UNAVAILABLE,UNKNOWN_PRODUCTION_GCS_UNAVAILABLE,UNKNOWN_PRODUCTION_GCS_UNAVAILABLE,UNKNOWN_PRODUCTION_GCS_UNAVAILABLE,UNKNOWN_PRODUCTION_GCS_UNAVAILABLE,UNKNOWN_PRODUCTION_GCS_UNAVAILABLE,/api/v1/fish/knowledge-media/yellowcheek/skill/v1.webp,,ACTIVE,BLOCKED_CARDS_VERSION_ID_MISSING,FAIL_HTTP_404,404,,YES,1,UNKNOWN_PRODUCTION_DB_UNAVAILABLE,UNKNOWN_PRODUCTION_DB_UNAVAILABLE,UNKNOWN_PRODUCTION_DB_UNAVAILABLE,CLIENT_PENDING,Database/GCS unavailable; cards[] does not expose asset_version_id; exact FishCard-to-version binding is unprovable. The returned public image URL responded HTTP 404; this does not prove the GCS object is absent.,"{""captured_at_asia_shanghai"":""2026-10-09T15:23:09.623153+08:00"",""list_http_status"":200,""detail_http_status"":200,""detail_surface"":""cards[]"",""api_role_row_count"":1,""api_species_role_match"":""YES"",""api_card_id"":280,""api_card_status"":""ACTIVE"",""api_card_asset_version_id"":null,""knowledge_asset_version_id"":null,""knowledge_asset_status"":null,""knowledge_asset_image_url"":null,""public_image_url"":""/api/v1/fish/knowledge-media/yellowcheek/skill/v1.webp"",""image_http_status"":404,""image_content_type"":null,""image_size_bytes"":null,""image_sha256"":null,""evidence_files"":[""production_public_api_snapshot.json"",""production_media_http_snapshot.json""]}",BLOCKED
yellowfin_culter,黄尾鲴,COVER_HERO,UNKNOWN_PRODUCTION_DB_UNAVAILABLE,UNKNOWN_PRODUCTION_DB_UNAVAILABLE,UNKNOWN_PRODUCTION_DB_UNAVAILABLE,UNKNOWN_PRODUCTION_DB_UNAVAILABLE,UNKNOWN_PRODUCTION_DB_UNAVAILABLE,UNKNOWN_NOT_EXPOSED,UNKNOWN_PRODUCTION_DB_UNAVAILABLE,UNKNOWN_PRODUCTION_DB_UNAVAILABLE,,UNKNOWN_PRODUCTION_GCS_UNAVAILABLE,UNKNOWN_PRODUCTION_GCS_UNAVAILABLE,UNKNOWN_PRODUCTION_GCS_UNAVAILABLE,UNKNOWN_PRODUCTION_GCS_UNAVAILABLE,UNKNOWN_PRODUCTION_GCS_UNAVAILABLE,UNKNOWN_PRODUCTION_GCS_UNAVAILABLE,,,UNKNOWN_NOT_EXPOSED,BLOCKED_LIST_DETAIL_VERSION_FIELDS_MISSING,NO_PUBLIC_URL_FIELD,,,API_FIELDS_ABSENT,0,UNKNOWN_PRODUCTION_DB_UNAVAILABLE,UNKNOWN_PRODUCTION_DB_UNAVAILABLE,UNKNOWN_PRODUCTION_DB_UNAVAILABLE,CLIENT_PENDING,Database/GCS unavailable; public list and detail expose no COVER_HERO URL/version/status.,"{""captured_at_asia_shanghai"":""2026-10-09T15:23:09.623153+08:00"",""list_http_status"":200,""detail_http_status"":200,""detail_surface"":""detail.cover_hero_*"",""api_role_row_count"":0,""api_species_role_match"":""API_FIELDS_ABSENT"",""api_card_id"":"""",""api_card_status"":null,""api_card_asset_version_id"":null,""knowledge_asset_version_id"":null,""knowledge_asset_status"":null,""knowledge_asset_image_url"":null,""public_image_url"":null,""image_http_status"":null,""image_content_type"":null,""image_size_bytes"":null,""image_sha256"":null,""evidence_files"":[""production_public_api_snapshot.json"",""production_media_http_snapshot.json""]}",BLOCKED
yellowfin_culter,黄尾鲴,HERO,UNKNOWN_PRODUCTION_DB_UNAVAILABLE,UNKNOWN_PRODUCTION_DB_UNAVAILABLE,UNKNOWN_PRODUCTION_DB_UNAVAILABLE,UNKNOWN_PRODUCTION_DB_UNAVAILABLE,UNKNOWN_PRODUCTION_DB_UNAVAILABLE,ACTIVE,UNKNOWN_PRODUCTION_DB_UNAVAILABLE,UNKNOWN_PRODUCTION_DB_UNAVAILABLE,281,UNKNOWN_PRODUCTION_GCS_UNAVAILABLE,UNKNOWN_PRODUCTION_GCS_UNAVAILABLE,UNKNOWN_PRODUCTION_GCS_UNAVAILABLE,UNKNOWN_PRODUCTION_GCS_UNAVAILABLE,UNKNOWN_PRODUCTION_GCS_UNAVAILABLE,UNKNOWN_PRODUCTION_GCS_UNAVAILABLE,/api/v1/fish/knowledge-media/yellowfin_culter/hero/v1.webp,,ACTIVE,BLOCKED_CARDS_VERSION_ID_MISSING,FAIL_HTTP_404,404,,YES,1,UNKNOWN_PRODUCTION_DB_UNAVAILABLE,UNKNOWN_PRODUCTION_DB_UNAVAILABLE,UNKNOWN_PRODUCTION_DB_UNAVAILABLE,CLIENT_PENDING,Database/GCS unavailable; cards[] does not expose asset_version_id; exact FishCard-to-version binding is unprovable. The returned public image URL responded HTTP 404; this does not prove the GCS object is absent.,"{""captured_at_asia_shanghai"":""2026-10-09T15:23:09.623153+08:00"",""list_http_status"":200,""detail_http_status"":200,""detail_surface"":""cards[]"",""api_role_row_count"":1,""api_species_role_match"":""YES"",""api_card_id"":281,""api_card_status"":""ACTIVE"",""api_card_asset_version_id"":null,""knowledge_asset_version_id"":null,""knowledge_asset_status"":null,""knowledge_asset_image_url"":null,""public_image_url"":""/api/v1/fish/knowledge-media/yellowfin_culter/hero/v1.webp"",""image_http_status"":404,""image_content_type"":null,""image_size_bytes"":null,""image_sha256"":null,""evidence_files"":[""production_public_api_snapshot.json"",""production_media_http_snapshot.json""]}",BLOCKED
yellowfin_culter,黄尾鲴,IDENTIFICATION,UNKNOWN_PRODUCTION_DB_UNAVAILABLE,UNKNOWN_PRODUCTION_DB_UNAVAILABLE,UNKNOWN_PRODUCTION_DB_UNAVAILABLE,UNKNOWN_PRODUCTION_DB_UNAVAILABLE,UNKNOWN_PRODUCTION_DB_UNAVAILABLE,ACTIVE,UNKNOWN_PRODUCTION_DB_UNAVAILABLE,UNKNOWN_PRODUCTION_DB_UNAVAILABLE,282,UNKNOWN_PRODUCTION_GCS_UNAVAILABLE,UNKNOWN_PRODUCTION_GCS_UNAVAILABLE,UNKNOWN_PRODUCTION_GCS_UNAVAILABLE,UNKNOWN_PRODUCTION_GCS_UNAVAILABLE,UNKNOWN_PRODUCTION_GCS_UNAVAILABLE,UNKNOWN_PRODUCTION_GCS_UNAVAILABLE,/api/v1/fish/knowledge-media/yellowfin_culter/identification/v1.webp,,ACTIVE,BLOCKED_CARDS_VERSION_ID_MISSING,FAIL_HTTP_404,404,,YES,1,UNKNOWN_PRODUCTION_DB_UNAVAILABLE,UNKNOWN_PRODUCTION_DB_UNAVAILABLE,UNKNOWN_PRODUCTION_DB_UNAVAILABLE,CLIENT_PENDING,Database/GCS unavailable; cards[] does not expose asset_version_id; exact FishCard-to-version binding is unprovable. The returned public image URL responded HTTP 404; this does not prove the GCS object is absent.,"{""captured_at_asia_shanghai"":""2026-10-09T15:23:09.623153+08:00"",""list_http_status"":200,""detail_http_status"":200,""detail_surface"":""cards[]"",""api_role_row_count"":1,""api_species_role_match"":""YES"",""api_card_id"":282,""api_card_status"":""ACTIVE"",""api_card_asset_version_id"":null,""knowledge_asset_version_id"":null,""knowledge_asset_status"":null,""knowledge_asset_image_url"":null,""public_image_url"":""/api/v1/fish/knowledge-media/yellowfin_culter/identification/v1.webp"",""image_http_status"":404,""image_content_type"":null,""image_size_bytes"":null,""image_sha256"":null,""evidence_files"":[""production_public_api_snapshot.json"",""production_media_http_snapshot.json""]}",BLOCKED
yellowfin_culter,黄尾鲴,ECO,UNKNOWN_PRODUCTION_DB_UNAVAILABLE,UNKNOWN_PRODUCTION_DB_UNAVAILABLE,UNKNOWN_PRODUCTION_DB_UNAVAILABLE,UNKNOWN_PRODUCTION_DB_UNAVAILABLE,UNKNOWN_PRODUCTION_DB_UNAVAILABLE,ACTIVE,UNKNOWN_PRODUCTION_DB_UNAVAILABLE,UNKNOWN_PRODUCTION_DB_UNAVAILABLE,283,UNKNOWN_PRODUCTION_GCS_UNAVAILABLE,UNKNOWN_PRODUCTION_GCS_UNAVAILABLE,UNKNOWN_PRODUCTION_GCS_UNAVAILABLE,UNKNOWN_PRODUCTION_GCS_UNAVAILABLE,UNKNOWN_PRODUCTION_GCS_UNAVAILABLE,UNKNOWN_PRODUCTION_GCS_UNAVAILABLE,/api/v1/fish/knowledge-media/yellowfin_culter/eco/v1.webp,,ACTIVE,BLOCKED_CARDS_VERSION_ID_MISSING,FAIL_HTTP_404,404,,YES,1,UNKNOWN_PRODUCTION_DB_UNAVAILABLE,UNKNOWN_PRODUCTION_DB_UNAVAILABLE,UNKNOWN_PRODUCTION_DB_UNAVAILABLE,CLIENT_PENDING,Database/GCS unavailable; cards[] does not expose asset_version_id; exact FishCard-to-version binding is unprovable. The returned public image URL responded HTTP 404; this does not prove the GCS object is absent.,"{""captured_at_asia_shanghai"":""2026-10-09T15:23:09.623153+08:00"",""list_http_status"":200,""detail_http_status"":200,""detail_surface"":""cards[]"",""api_role_row_count"":1,""api_species_role_match"":""YES"",""api_card_id"":283,""api_card_status"":""ACTIVE"",""api_card_asset_version_id"":null,""knowledge_asset_version_id"":null,""knowledge_asset_status"":null,""knowledge_asset_image_url"":null,""public_image_url"":""/api/v1/fish/knowledge-media/yellowfin_culter/eco/v1.webp"",""image_http_status"":404,""image_content_type"":null,""image_size_bytes"":null,""image_sha256"":null,""evidence_files"":[""production_public_api_snapshot.json"",""production_media_http_snapshot.json""]}",BLOCKED
yellowfin_culter,黄尾鲴,GEAR,UNKNOWN_PRODUCTION_DB_UNAVAILABLE,UNKNOWN_PRODUCTION_DB_UNAVAILABLE,UNKNOWN_PRODUCTION_DB_UNAVAILABLE,UNKNOWN_PRODUCTION_DB_UNAVAILABLE,UNKNOWN_PRODUCTION_DB_UNAVAILABLE,ACTIVE,UNKNOWN_PRODUCTION_DB_UNAVAILABLE,UNKNOWN_PRODUCTION_DB_UNAVAILABLE,284,UNKNOWN_PRODUCTION_GCS_UNAVAILABLE,UNKNOWN_PRODUCTION_GCS_UNAVAILABLE,UNKNOWN_PRODUCTION_GCS_UNAVAILABLE,UNKNOWN_PRODUCTION_GCS_UNAVAILABLE,UNKNOWN_PRODUCTION_GCS_UNAVAILABLE,UNKNOWN_PRODUCTION_GCS_UNAVAILABLE,/api/v1/fish/knowledge-media/yellowfin_culter/gear/v1.webp,,ACTIVE,BLOCKED_CARDS_VERSION_ID_MISSING,FAIL_HTTP_404,404,,YES,1,UNKNOWN_PRODUCTION_DB_UNAVAILABLE,UNKNOWN_PRODUCTION_DB_UNAVAILABLE,UNKNOWN_PRODUCTION_DB_UNAVAILABLE,CLIENT_PENDING,Database/GCS unavailable; cards[] does not expose asset_version_id; exact FishCard-to-version binding is unprovable. The returned public image URL responded HTTP 404; this does not prove the GCS object is absent.,"{""captured_at_asia_shanghai"":""2026-10-09T15:23:09.623153+08:00"",""list_http_status"":200,""detail_http_status"":200,""detail_surface"":""cards[]"",""api_role_row_count"":1,""api_species_role_match"":""YES"",""api_card_id"":284,""api_card_status"":""ACTIVE"",""api_card_asset_version_id"":null,""knowledge_asset_version_id"":null,""knowledge_asset_status"":null,""knowledge_asset_image_url"":null,""public_image_url"":""/api/v1/fish/knowledge-media/yellowfin_culter/gear/v1.webp"",""image_http_status"":404,""image_content_type"":null,""image_size_bytes"":null,""image_sha256"":null,""evidence_files"":[""production_public_api_snapshot.json"",""production_media_http_snapshot.json""]}",BLOCKED
yellowfin_culter,黄尾鲴,SKILL,UNKNOWN_PRODUCTION_DB_UNAVAILABLE,UNKNOWN_PRODUCTION_DB_UNAVAILABLE,UNKNOWN_PRODUCTION_DB_UNAVAILABLE,UNKNOWN_PRODUCTION_DB_UNAVAILABLE,UNKNOWN_PRODUCTION_DB_UNAVAILABLE,ACTIVE,UNKNOWN_PRODUCTION_DB_UNAVAILABLE,UNKNOWN_PRODUCTION_DB_UNAVAILABLE,285,UNKNOWN_PRODUCTION_GCS_UNAVAILABLE,UNKNOWN_PRODUCTION_GCS_UNAVAILABLE,UNKNOWN_PRODUCTION_GCS_UNAVAILABLE,UNKNOWN_PRODUCTION_GCS_UNAVAILABLE,UNKNOWN_PRODUCTION_GCS_UNAVAILABLE,UNKNOWN_PRODUCTION_GCS_UNAVAILABLE,/api/v1/fish/knowledge-media/yellowfin_culter/skill/v1.webp,,ACTIVE,BLOCKED_CARDS_VERSION_ID_MISSING,FAIL_HTTP_404,404,,YES,1,UNKNOWN_PRODUCTION_DB_UNAVAILABLE,UNKNOWN_PRODUCTION_DB_UNAVAILABLE,UNKNOWN_PRODUCTION_DB_UNAVAILABLE,CLIENT_PENDING,Database/GCS unavailable; cards[] does not expose asset_version_id; exact FishCard-to-version binding is unprovable. The returned public image URL responded HTTP 404; this does not prove the GCS object is absent.,"{""captured_at_asia_shanghai"":""2026-10-09T15:23:09.623153+08:00"",""list_http_status"":200,""detail_http_status"":200,""detail_surface"":""cards[]"",""api_role_row_count"":1,""api_species_role_match"":""YES"",""api_card_id"":285,""api_card_status"":""ACTIVE"",""api_card_asset_version_id"":null,""knowledge_asset_version_id"":null,""knowledge_asset_status"":null,""knowledge_asset_image_url"":null,""public_image_url"":""/api/v1/fish/knowledge-media/yellowfin_culter/skill/v1.webp"",""image_http_status"":404,""image_content_type"":null,""image_size_bytes"":null,""image_sha256"":null,""evidence_files"":[""production_public_api_snapshot.json"",""production_media_http_snapshot.json""]}",BLOCKED
